Handle,Title,Body (HTML),Vendor,Product Category,Type,Tags,Published,Option1 Name,Option1 Value,Variant SKU,Variant Grams,Variant Inventory Tracker,Variant Inventory Policy,Variant Fulfillment Service,Variant Price,Variant Compare At Price,Variant Requires Shipping,Variant Taxable,Variant Barcode,Image Src,Image Position,Image Alt Text,Gift Card,SEO Title,SEO Description,Google Shopping / Google Product Category,Google Shopping / Gender,Google Shopping / Age Group,Google Shopping / MPN,Google Shopping / AdWords Grouping,Google Shopping / AdWords Labels,Google Shopping / Condition,Google Shopping / Custom Product,Google Shopping / Custom Label 0,Google Shopping / Custom Label 1,Google Shopping / Custom Label 2,Google Shopping / Custom Label 3,Google Shopping / Custom Label 4,Variant Image,Variant Weight Unit,Variant Tax Code,Cost per item,Status
bombay-andheri-star-flower-clo1,Andheri Star Flower (Clothing),"<p><strong>Collection:</strong> Bombay - Clothing Collection</p>
<p><strong>Pattern:</strong> Andheri Star Flower</p>
<p><strong>Size:</strong> 24"" × 24""</p>
<p><strong>Tiling:</strong> Straight</p>
<p><strong>Customizable Layers:</strong> 1</p>
<ul>
<li>Star Flower</li>
</ul>
<p>This pattern is available in clothing mode with zoom controls (50%, 75%, 100%) for detailed preview.</p>
<p><em>Fully customizable with ColorFlex technology - choose your colors!</em></p>",Saffron Cottage,Wallpaper & Fabric,Wallpaper & Fabric,"ColorFlex, Clothing, Clothing Collection, Bombay, Straight, 1 Layers",TRUE,Material,Customizable,BOMBAY-ANDHERI-STAR-FLOWER-CLO1,0,,deny,manual,0.00,,TRUE,TRUE,,https://so-animation.com/colorflex/data/collections/bombay/thumbnails/andheri-star-flower.jpg,1,Andheri Star Flower - Bombay Clothing Collection,FALSE,Andheri Star Flower - Bombay Clothing | ColorFlex Custom Wallpaper & Fabric,Customize Andheri Star Flower from the Bombay clothing collection. 1 customizable layers with ColorFlex technology. Preview at multiple zoom levels.,Home & Garden > Decor,,,,,,new,TRUE,ColorFlex,Bombay,Clothing Collection,,,,lb,,,active
bombay-arcot-clo1,Arcot (Clothing),"<p><strong>Collection:</strong> Bombay - Clothing Collection</p>
<p><strong>Pattern:</strong> Arcot</p>
<p><strong>Size:</strong> 24"" × 24""</p>
<p><strong>Tiling:</strong> Straight</p>
<p><strong>Customizable Layers:</strong> 2</p>
<ul>
<li>Flower</li><li>Leaves</li>
</ul>
<p>This pattern is available in clothing mode with zoom controls (50%, 75%, 100%) for detailed preview.</p>
<p><em>Fully customizable with ColorFlex technology - choose your colors!</em></p>",Saffron Cottage,Wallpaper & Fabric,Wallpaper & Fabric,"ColorFlex, Clothing, Clothing Collection, Bombay, Straight, 2 Layers",TRUE,Material,Customizable,BOMBAY-ARCOT-CLO1,0,,deny,manual,0.00,,TRUE,TRUE,,https://so-animation.com/colorflex/data/collections/bombay/thumbnails/arcot.jpg,1,Arcot - Bombay Clothing Collection,FALSE,Arcot - Bombay Clothing | ColorFlex Custom Wallpaper & Fabric,Customize Arcot from the Bombay clothing collection. 2 customizable layers with ColorFlex technology. Preview at multiple zoom levels.,Home & Garden > Decor,,,,,,new,TRUE,ColorFlex,Bombay,Clothing Collection,,,,lb,,,active
bombay-balalore-clo1,Balalore (Clothing),"<p><strong>Collection:</strong> Bombay - Clothing Collection</p>
<p><strong>Pattern:</strong> Balalore</p>
<p><strong>Size:</strong> 24"" × 24""</p>
<p><strong>Tiling:</strong> Straight</p>
<p><strong>Customizable Layers:</strong> 2</p>
<ul>
<li>Flowers</li><li>Lattice</li>
</ul>
<p>This pattern is available in clothing mode with zoom controls (50%, 75%, 100%) for detailed preview.</p>
<p><em>Fully customizable with ColorFlex technology - choose your colors!</em></p>",Saffron Cottage,Wallpaper & Fabric,Wallpaper & Fabric,"ColorFlex, Clothing, Clothing Collection, Bombay, Straight, 2 Layers",TRUE,Material,Customizable,BOMBAY-BALALORE-CLO1,0,,deny,manual,0.00,,TRUE,TRUE,,https://so-animation.com/colorflex/data/collections/bombay/thumbnails/balalore.jpg,1,Balalore - Bombay Clothing Collection,FALSE,Balalore - Bombay Clothing | ColorFlex Custom Wallpaper & Fabric,Customize Balalore from the Bombay clothing collection. 2 customizable layers with ColorFlex technology. Preview at multiple zoom levels.,Home & Garden > Decor,,,,,,new,TRUE,ColorFlex,Bombay,Clothing Collection,,,,lb,,,active
bombay-bombay-gingham-clo1,Bombay Gingham (Clothing),"<p><strong>Collection:</strong> Bombay - Clothing Collection</p>
<p><strong>Pattern:</strong> Bombay Gingham</p>
<p><strong>Size:</strong> 24"" × 24""</p>
<p><strong>Tiling:</strong> Straight</p>
<p><strong>Customizable Layers:</strong> 1</p>
<ul>
<li>Plaid</li>
</ul>
<p>This pattern is available in clothing mode with zoom controls (50%, 75%, 100%) for detailed preview.</p>
<p><em>Fully customizable with ColorFlex technology - choose your colors!</em></p>",Saffron Cottage,Wallpaper & Fabric,Wallpaper & Fabric,"ColorFlex, Clothing, Clothing Collection, Bombay, Straight, 1 Layers",TRUE,Material,Customizable,BOMBAY-BOMBAY-GINGHAM-CLO1,0,,deny,manual,0.00,,TRUE,TRUE,,https://so-animation.com/colorflex/data/collections/bombay/thumbnails/bombay-gingham.jpg,1,Bombay Gingham - Bombay Clothing Collection,FALSE,Bombay Gingham - Bombay Clothing | ColorFlex Custom Wallpaper & Fabric,Customize Bombay Gingham from the Bombay clothing collection. 1 customizable layers with ColorFlex technology. Preview at multiple zoom levels.,Home & Garden > Decor,,,,,,new,TRUE,ColorFlex,Bombay,Clothing Collection,,,,lb,,,active
bombay-bombay-ticking-clo1,Bombay Ticking (Clothing),"<p><strong>Collection:</strong> Bombay - Clothing Collection</p>
<p><strong>Pattern:</strong> Bombay Ticking</p>
<p><strong>Size:</strong> 24"" × 24""</p>
<p><strong>Tiling:</strong> Straight</p>
<p><strong>Customizable Layers:</strong> 1</p>
<ul>
<li>Stripes</li>
</ul>
<p>This pattern is available in clothing mode with zoom controls (50%, 75%, 100%) for detailed preview.</p>
<p><em>Fully customizable with ColorFlex technology - choose your colors!</em></p>",Saffron Cottage,Wallpaper & Fabric,Wallpaper & Fabric,"ColorFlex, Clothing, Clothing Collection, Bombay, Straight, 1 Layers",TRUE,Material,Customizable,BOMBAY-BOMBAY-TICKING-CLO1,0,,deny,manual,0.00,,TRUE,TRUE,,https://so-animation.com/colorflex/data/collections/bombay/thumbnails/bombay-ticking.jpg,1,Bombay Ticking - Bombay Clothing Collection,FALSE,Bombay Ticking - Bombay Clothing | ColorFlex Custom Wallpaper & Fabric,Customize Bombay Ticking from the Bombay clothing collection. 1 customizable layers with ColorFlex technology. Preview at multiple zoom levels.,Home & Garden > Decor,,,,,,new,TRUE,ColorFlex,Bombay,Clothing Collection,,,,lb,,,active
bombay-bombay-tiles-clo1,Bombay Tiles (Clothing),"<p><strong>Collection:</strong> Bombay - Clothing Collection</p>
<p><strong>Pattern:</strong> Bombay Tiles</p>
<p><strong>Size:</strong> 24"" × 24""</p>
<p><strong>Tiling:</strong> Straight</p>
<p><strong>Customizable Layers:</strong> 6</p>
<ul>
<li>Center Leaf</li><li>Inner Leaves</li><li>Large Arch</li><li>Leaf Pettals</li><li>Middle Leaves</li><li>Outter Leaves</li>
</ul>
<p>This pattern is available in clothing mode with zoom controls (50%, 75%, 100%) for detailed preview.</p>
<p><em>Fully customizable with ColorFlex technology - choose your colors!</em></p>",Saffron Cottage,Wallpaper & Fabric,Wallpaper & Fabric,"ColorFlex, Clothing, Clothing Collection, Bombay, Straight, 6 Layers",TRUE,Material,Customizable,BOMBAY-BOMBAY-TILES-CLO1,0,,deny,manual,0.00,,TRUE,TRUE,,https://so-animation.com/colorflex/data/collections/bombay/thumbnails/bombay-tiles.jpg,1,Bombay Tiles - Bombay Clothing Collection,FALSE,Bombay Tiles - Bombay Clothing | ColorFlex Custom Wallpaper & Fabric,Customize Bombay Tiles from the Bombay clothing collection. 6 customizable layers with ColorFlex technology. Preview at multiple zoom levels.,Home & Garden > Decor,,,,,,new,TRUE,ColorFlex,Bombay,Clothing Collection,,,,lb,,,active
bombay-bombay-trellis-clo1,Bombay Trellis (Clothing),"<p><strong>Collection:</strong> Bombay - Clothing Collection</p>
<p><strong>Pattern:</strong> Bombay Trellis</p>
<p><strong>Size:</strong> 24"" × 24""</p>
<p><strong>Tiling:</strong> Straight</p>
<p><strong>Customizable Layers:</strong> 2</p>
<ul>
<li>Layer 1</li><li>Layer 2</li>
</ul>
<p>This pattern is available in clothing mode with zoom controls (50%, 75%, 100%) for detailed preview.</p>
<p><em>Fully customizable with ColorFlex technology - choose your colors!</em></p>",Saffron Cottage,Wallpaper & Fabric,Wallpaper & Fabric,"ColorFlex, Clothing, Clothing Collection, Bombay, Straight, 2 Layers",TRUE,Material,Customizable,BOMBAY-BOMBAY-TRELLIS-CLO1,0,,deny,manual,0.00,,TRUE,TRUE,,https://so-animation.com/colorflex/data/collections/bombay/thumbnails/bombay-trellis.jpg,1,Bombay Trellis - Bombay Clothing Collection,FALSE,Bombay Trellis - Bombay Clothing | ColorFlex Custom Wallpaper & Fabric,Customize Bombay Trellis from the Bombay clothing collection. 2 customizable layers with ColorFlex technology. Preview at multiple zoom levels.,Home & Garden > Decor,,,,,,new,TRUE,ColorFlex,Bombay,Clothing Collection,,,,lb,,,active
bombay-chakapara-clo1,Chakapara (Clothing),"<p><strong>Collection:</strong> Bombay - Clothing Collection</p>
<p><strong>Pattern:</strong> Chakapara</p>
<p><strong>Size:</strong> 24"" × 24""</p>
<p><strong>Tiling:</strong> Straight</p>
<p><strong>Customizable Layers:</strong> 1</p>
<ul>
<li>Layer 1</li>
</ul>
<p>This pattern is available in clothing mode with zoom controls (50%, 75%, 100%) for detailed preview.</p>
<p><em>Fully customizable with ColorFlex technology - choose your colors!</em></p>",Saffron Cottage,Wallpaper & Fabric,Wallpaper & Fabric,"ColorFlex, Clothing, Clothing Collection, Bombay, Straight, 1 Layers",TRUE,Material,Customizable,BOMBAY-CHAKAPARA-CLO1,0,,deny,manual,0.00,,TRUE,TRUE,,https://so-animation.com/colorflex/data/collections/bombay/thumbnails/chakapara.jpg,1,Chakapara - Bombay Clothing Collection,FALSE,Chakapara - Bombay Clothing | ColorFlex Custom Wallpaper & Fabric,Customize Chakapara from the Bombay clothing collection. 1 customizable layers with ColorFlex technology. Preview at multiple zoom levels.,Home & Garden > Decor,,,,,,new,TRUE,ColorFlex,Bombay,Clothing Collection,,,,lb,,,active
bombay-darjeeling-clo1,Darjeeling (Clothing),"<p><strong>Collection:</strong> Bombay - Clothing Collection</p>
<p><strong>Pattern:</strong> Darjeeling</p>
<p><strong>Size:</strong> 24"" × 24""</p>
<p><strong>Tiling:</strong> Straight</p>
<p><strong>Customizable Layers:</strong> 2</p>
<ul>
<li>Flowers</li><li>Leaves</li>
</ul>
<p>This pattern is available in clothing mode with zoom controls (50%, 75%, 100%) for detailed preview.</p>
<p><em>Fully customizable with ColorFlex technology - choose your colors!</em></p>",Saffron Cottage,Wallpaper & Fabric,Wallpaper & Fabric,"ColorFlex, Clothing, Clothing Collection, Bombay, Straight, 2 Layers",TRUE,Material,Customizable,BOMBAY-DARJEELING-CLO1,0,,deny,manual,0.00,,TRUE,TRUE,,https://so-animation.com/colorflex/data/collections/bombay/thumbnails/darjeeling.jpg,1,Darjeeling - Bombay Clothing Collection,FALSE,Darjeeling - Bombay Clothing | ColorFlex Custom Wallpaper & Fabric,Customize Darjeeling from the Bombay clothing collection. 2 customizable layers with ColorFlex technology. Preview at multiple zoom levels.,Home & Garden > Decor,,,,,,new,TRUE,ColorFlex,Bombay,Clothing Collection,,,,lb,,,active
bombay-delhi-large-clo1,Delhi Large (Clothing),"<p><strong>Collection:</strong> Bombay - Clothing Collection</p>
<p><strong>Pattern:</strong> Delhi Large</p>
<p><strong>Size:</strong> 24"" × 24""</p>
<p><strong>Tiling:</strong> Straight</p>
<p><strong>Customizable Layers:</strong> 2</p>
<ul>
<li>Floral</li><li>Tiny Flower</li>
</ul>
<p>This pattern is available in clothing mode with zoom controls (50%, 75%, 100%) for detailed preview.</p>
<p><em>Fully customizable with ColorFlex technology - choose your colors!</em></p>",Saffron Cottage,Wallpaper & Fabric,Wallpaper & Fabric,"ColorFlex, Clothing, Clothing Collection, Bombay, Straight, 2 Layers",TRUE,Material,Customizable,BOMBAY-DELHI-LARGE-CLO1,0,,deny,manual,0.00,,TRUE,TRUE,,https://so-animation.com/colorflex/data/collections/bombay/thumbnails/delhi-large.jpg,1,Delhi Large - Bombay Clothing Collection,FALSE,Delhi Large - Bombay Clothing | ColorFlex Custom Wallpaper & Fabric,Customize Delhi Large from the Bombay clothing collection. 2 customizable layers with ColorFlex technology. Preview at multiple zoom levels.,Home & Garden > Decor,,,,,,new,TRUE,ColorFlex,Bombay,Clothing Collection,,,,lb,,,active
bombay-delhi-mini-clo1,Delhi Mini (Clothing),"<p><strong>Collection:</strong> Bombay - Clothing Collection</p>
<p><strong>Pattern:</strong> Delhi Mini</p>
<p><strong>Size:</strong> 24"" × 24""</p>
<p><strong>Tiling:</strong> Straight</p>
<p><strong>Customizable Layers:</strong> 1</p>
<ul>
<li>Design</li>
</ul>
<p>This pattern is available in clothing mode with zoom controls (50%, 75%, 100%) for detailed preview.</p>
<p><em>Fully customizable with ColorFlex technology - choose your colors!</em></p>",Saffron Cottage,Wallpaper & Fabric,Wallpaper & Fabric,"ColorFlex, Clothing, Clothing Collection, Bombay, Straight, 1 Layers",TRUE,Material,Customizable,BOMBAY-DELHI-MINI-CLO1,0,,deny,manual,0.00,,TRUE,TRUE,,https://so-animation.com/colorflex/data/collections/bombay/thumbnails/delhi-mini.jpg,1,Delhi Mini - Bombay Clothing Collection,FALSE,Delhi Mini - Bombay Clothing | ColorFlex Custom Wallpaper & Fabric,Customize Delhi Mini from the Bombay clothing collection. 1 customizable layers with ColorFlex technology. Preview at multiple zoom levels.,Home & Garden > Decor,,,,,,new,TRUE,ColorFlex,Bombay,Clothing Collection,,,,lb,,,active
bombay-diamond-harbour-clo1,Diamond Harbour (Clothing),"<p><strong>Collection:</strong> Bombay - Clothing Collection</p>
<p><strong>Pattern:</strong> Diamond Harbour</p>
<p><strong>Size:</strong> 24"" × 24""</p>
<p><strong>Tiling:</strong> Straight</p>
<p><strong>Customizable Layers:</strong> 4</p>
<ul>
<li>Heart</li><li>Layer 1</li><li>Outside Vine</li><li>Sprig</li>
</ul>
<p>This pattern is available in clothing mode with zoom controls (50%, 75%, 100%) for detailed preview.</p>
<p><em>Fully customizable with ColorFlex technology - choose your colors!</em></p>",Saffron Cottage,Wallpaper & Fabric,Wallpaper & Fabric,"ColorFlex, Clothing, Clothing Collection, Bombay, Straight, 4 Layers",TRUE,Material,Customizable,BOMBAY-DIAMOND-HARBOUR-CLO1,0,,deny,manual,0.00,,TRUE,TRUE,,https://so-animation.com/colorflex/data/collections/bombay/thumbnails/diamond-harbour.jpg,1,Diamond Harbour - Bombay Clothing Collection,FALSE,Diamond Harbour - Bombay Clothing | ColorFlex Custom Wallpaper & Fabric,Customize Diamond Harbour from the Bombay clothing collection. 4 customizable layers with ColorFlex technology. Preview at multiple zoom levels.,Home & Garden > Decor,,,,,,new,TRUE,ColorFlex,Bombay,Clothing Collection,,,,lb,,,active
bombay-etawah-clo1,Etawah (Clothing),"<p><strong>Collection:</strong> Bombay - Clothing Collection</p>
<p><strong>Pattern:</strong> Etawah</p>
<p><strong>Size:</strong> 24"" × 24""</p>
<p><strong>Tiling:</strong> Straight</p>
<p><strong>Customizable Layers:</strong> 3</p>
<ul>
<li>Berries</li><li>Flowers</li><li>Stems & Leaves</li>
</ul>
<p>This pattern is available in clothing mode with zoom controls (50%, 75%, 100%) for detailed preview.</p>
<p><em>Fully customizable with ColorFlex technology - choose your colors!</em></p>",Saffron Cottage,Wallpaper & Fabric,Wallpaper & Fabric,"ColorFlex, Clothing, Clothing Collection, Bombay, Straight, 3 Layers",TRUE,Material,Customizable,BOMBAY-ETAWAH-CLO1,0,,deny,manual,0.00,,TRUE,TRUE,,https://so-animation.com/colorflex/data/collections/bombay/thumbnails/etawah.jpg,1,Etawah - Bombay Clothing Collection,FALSE,Etawah - Bombay Clothing | ColorFlex Custom Wallpaper & Fabric,Customize Etawah from the Bombay clothing collection. 3 customizable layers with ColorFlex technology. Preview at multiple zoom levels.,Home & Garden > Decor,,,,,,new,TRUE,ColorFlex,Bombay,Clothing Collection,,,,lb,,,active
bombay-garhi-clo1,Garhi (Clothing),"<p><strong>Collection:</strong> Bombay - Clothing Collection</p>
<p><strong>Pattern:</strong> Garhi</p>
<p><strong>Size:</strong> 24"" × 24""</p>
<p><strong>Tiling:</strong> Straight</p>
<p><strong>Customizable Layers:</strong> 2</p>
<ul>
<li>Flower</li><li>Trellis</li>
</ul>
<p>This pattern is available in clothing mode with zoom controls (50%, 75%, 100%) for detailed preview.</p>
<p><em>Fully customizable with ColorFlex technology - choose your colors!</em></p>",Saffron Cottage,Wallpaper & Fabric,Wallpaper & Fabric,"ColorFlex, Clothing, Clothing Collection, Bombay, Straight, 2 Layers",TRUE,Material,Customizable,BOMBAY-GARHI-CLO1,0,,deny,manual,0.00,,TRUE,TRUE,,https://so-animation.com/colorflex/data/collections/bombay/thumbnails/garhi.jpg,1,Garhi - Bombay Clothing Collection,FALSE,Garhi - Bombay Clothing | ColorFlex Custom Wallpaper & Fabric,Customize Garhi from the Bombay clothing collection. 2 customizable layers with ColorFlex technology. Preview at multiple zoom levels.,Home & Garden > Decor,,,,,,new,TRUE,ColorFlex,Bombay,Clothing Collection,,,,lb,,,active
bombay-harchandi-clo1,Harchandi (Clothing),"<p><strong>Collection:</strong> Bombay - Clothing Collection</p>
<p><strong>Pattern:</strong> Harchandi</p>
<p><strong>Size:</strong> 24"" × 24""</p>
<p><strong>Tiling:</strong> Straight</p>
<p><strong>Customizable Layers:</strong> 1</p>
<ul>
<li>Design</li>
</ul>
<p>This pattern is available in clothing mode with zoom controls (50%, 75%, 100%) for detailed preview.</p>
<p><em>Fully customizable with ColorFlex technology - choose your colors!</em></p>",Saffron Cottage,Wallpaper & Fabric,Wallpaper & Fabric,"ColorFlex, Clothing, Clothing Collection, Bombay, Straight, 1 Layers",TRUE,Material,Customizable,BOMBAY-HARCHANDI-CLO1,0,,deny,manual,0.00,,TRUE,TRUE,,https://so-animation.com/colorflex/data/collections/bombay/thumbnails/harchandi.jpg,1,Harchandi - Bombay Clothing Collection,FALSE,Harchandi - Bombay Clothing | ColorFlex Custom Wallpaper & Fabric,Customize Harchandi from the Bombay clothing collection. 1 customizable layers with ColorFlex technology. Preview at multiple zoom levels.,Home & Garden > Decor,,,,,,new,TRUE,ColorFlex,Bombay,Clothing Collection,,,,lb,,,active
bombay-indore-clo1,Indore (Clothing),"<p><strong>Collection:</strong> Bombay - Clothing Collection</p>
<p><strong>Pattern:</strong> Indore</p>
<p><strong>Size:</strong> 24"" × 24""</p>
<p><strong>Tiling:</strong> Straight</p>
<p><strong>Customizable Layers:</strong> 1</p>
<ul>
<li>Pattern</li>
</ul>
<p>This pattern is available in clothing mode with zoom controls (50%, 75%, 100%) for detailed preview.</p>
<p><em>Fully customizable with ColorFlex technology - choose your colors!</em></p>",Saffron Cottage,Wallpaper & Fabric,Wallpaper & Fabric,"ColorFlex, Clothing, Clothing Collection, Bombay, Straight, 1 Layers",TRUE,Material,Customizable,BOMBAY-INDORE-CLO1,0,,deny,manual,0.00,,TRUE,TRUE,,https://so-animation.com/colorflex/data/collections/bombay/thumbnails/indore.jpg,1,Indore - Bombay Clothing Collection,FALSE,Indore - Bombay Clothing | ColorFlex Custom Wallpaper & Fabric,Customize Indore from the Bombay clothing collection. 1 customizable layers with ColorFlex technology. Preview at multiple zoom levels.,Home & Garden > Decor,,,,,,new,TRUE,ColorFlex,Bombay,Clothing Collection,,,,lb,,,active
bombay-jaipur-weeping-flower-clo1,Jaipur Weeping Flower (Clothing),"<p><strong>Collection:</strong> Bombay - Clothing Collection</p>
<p><strong>Pattern:</strong> Jaipur Weeping Flower</p>
<p><strong>Size:</strong> 24"" × 24""</p>
<p><strong>Tiling:</strong> Straight</p>
<p><strong>Customizable Layers:</strong> 1</p>
<ul>
<li>Design</li>
</ul>
<p>This pattern is available in clothing mode with zoom controls (50%, 75%, 100%) for detailed preview.</p>
<p><em>Fully customizable with ColorFlex technology - choose your colors!</em></p>",Saffron Cottage,Wallpaper & Fabric,Wallpaper & Fabric,"ColorFlex, Clothing, Clothing Collection, Bombay, Straight, 1 Layers",TRUE,Material,Customizable,BOMBAY-JAIPUR-WEEPING-FLOWER-CLO1,0,,deny,manual,0.00,,TRUE,TRUE,,https://so-animation.com/colorflex/data/collections/bombay/thumbnails/jaipur-weeping-flower.jpg,1,Jaipur Weeping Flower - Bombay Clothing Collection,FALSE,Jaipur Weeping Flower - Bombay Clothing | ColorFlex Custom Wallpaper & Fabric,Customize Jaipur Weeping Flower from the Bombay clothing collection. 1 customizable layers with ColorFlex technology. Preview at multiple zoom levels.,Home & Garden > Decor,,,,,,new,TRUE,ColorFlex,Bombay,Clothing Collection,,,,lb,,,active
bombay-kitanelli-clo1,Kitanelli (Clothing),"<p><strong>Collection:</strong> Bombay - Clothing Collection</p>
<p><strong>Pattern:</strong> Kitanelli</p>
<p><strong>Size:</strong> 24"" × 24""</p>
<p><strong>Tiling:</strong> Straight</p>
<p><strong>Customizable Layers:</strong> 1</p>
<ul>
<li>Vines</li>
</ul>
<p>This pattern is available in clothing mode with zoom controls (50%, 75%, 100%) for detailed preview.</p>
<p><em>Fully customizable with ColorFlex technology - choose your colors!</em></p>",Saffron Cottage,Wallpaper & Fabric,Wallpaper & Fabric,"ColorFlex, Clothing, Clothing Collection, Bombay, Straight, 1 Layers",TRUE,Material,Customizable,BOMBAY-KITANELLI-CLO1,0,,deny,manual,0.00,,TRUE,TRUE,,https://so-animation.com/colorflex/data/collections/bombay/thumbnails/kitanelli.jpg,1,Kitanelli - Bombay Clothing Collection,FALSE,Kitanelli - Bombay Clothing | ColorFlex Custom Wallpaper & Fabric,Customize Kitanelli from the Bombay clothing collection. 1 customizable layers with ColorFlex technology. Preview at multiple zoom levels.,Home & Garden > Decor,,,,,,new,TRUE,ColorFlex,Bombay,Clothing Collection,,,,lb,,,active
bombay-kitanelli-two-color-clo1,Kitanelli Two Color (Clothing),"<p><strong>Collection:</strong> Bombay - Clothing Collection</p>
<p><strong>Pattern:</strong> Kitanelli Two Color</p>
<p><strong>Size:</strong> 24"" × 24""</p>
<p><strong>Tiling:</strong> Straight</p>
<p><strong>Customizable Layers:</strong> 2</p>
<ul>
<li>Floral</li><li>Vines</li>
</ul>
<p>This pattern is available in clothing mode with zoom controls (50%, 75%, 100%) for detailed preview.</p>
<p><em>Fully customizable with ColorFlex technology - choose your colors!</em></p>",Saffron Cottage,Wallpaper & Fabric,Wallpaper & Fabric,"ColorFlex, Clothing, Clothing Collection, Bombay, Straight, 2 Layers",TRUE,Material,Customizable,BOMBAY-KITANELLI-TWO-COLOR-CLO1,0,,deny,manual,0.00,,TRUE,TRUE,,https://so-animation.com/colorflex/data/collections/bombay/thumbnails/kitanelli-two-color.jpg,1,Kitanelli Two Color - Bombay Clothing Collection,FALSE,Kitanelli Two Color - Bombay Clothing | ColorFlex Custom Wallpaper & Fabric,Customize Kitanelli Two Color from the Bombay clothing collection. 2 customizable layers with ColorFlex technology. Preview at multiple zoom levels.,Home & Garden > Decor,,,,,,new,TRUE,ColorFlex,Bombay,Clothing Collection,,,,lb,,,active
bombay-loni-clo1,Loni (Clothing),"<p><strong>Collection:</strong> Bombay - Clothing Collection</p>
<p><strong>Pattern:</strong> Loni</p>
<p><strong>Size:</strong> 24"" × 24""</p>
<p><strong>Tiling:</strong> Straight</p>
<p><strong>Customizable Layers:</strong> 1</p>
<ul>
<li>Design</li>
</ul>
<p>This pattern is available in clothing mode with zoom controls (50%, 75%, 100%) for detailed preview.</p>
<p><em>Fully customizable with ColorFlex technology - choose your colors!</em></p>",Saffron Cottage,Wallpaper & Fabric,Wallpaper & Fabric,"ColorFlex, Clothing, Clothing Collection, Bombay, Straight, 1 Layers",TRUE,Material,Customizable,BOMBAY-LONI-CLO1,0,,deny,manual,0.00,,TRUE,TRUE,,https://so-animation.com/colorflex/data/collections/bombay/thumbnails/loni.jpg,1,Loni - Bombay Clothing Collection,FALSE,Loni - Bombay Clothing | ColorFlex Custom Wallpaper & Fabric,Customize Loni from the Bombay clothing collection. 1 customizable layers with ColorFlex technology. Preview at multiple zoom levels.,Home & Garden > Decor,,,,,,new,TRUE,ColorFlex,Bombay,Clothing Collection,,,,lb,,,active
bombay-morena-clo1,Morena (Clothing),"<p><strong>Collection:</strong> Bombay - Clothing Collection</p>
<p><strong>Pattern:</strong> Morena</p>
<p><strong>Size:</strong> 24"" × 24""</p>
<p><strong>Tiling:</strong> Straight</p>
<p><strong>Customizable Layers:</strong> 2</p>
<ul>
<li>Central Pattern</li><li>Diamond Vine</li>
</ul>
<p>This pattern is available in clothing mode with zoom controls (50%, 75%, 100%) for detailed preview.</p>
<p><em>Fully customizable with ColorFlex technology - choose your colors!</em></p>",Saffron Cottage,Wallpaper & Fabric,Wallpaper & Fabric,"ColorFlex, Clothing, Clothing Collection, Bombay, Straight, 2 Layers",TRUE,Material,Customizable,BOMBAY-MORENA-CLO1,0,,deny,manual,0.00,,TRUE,TRUE,,https://so-animation.com/colorflex/data/collections/bombay/thumbnails/morena.jpg,1,Morena - Bombay Clothing Collection,FALSE,Morena - Bombay Clothing | ColorFlex Custom Wallpaper & Fabric,Customize Morena from the Bombay clothing collection. 2 customizable layers with ColorFlex technology. Preview at multiple zoom levels.,Home & Garden > Decor,,,,,,new,TRUE,ColorFlex,Bombay,Clothing Collection,,,,lb,,,active
bombay-mumbai-clo1,Mumbai (Clothing),"<p><strong>Collection:</strong> Bombay - Clothing Collection</p>
<p><strong>Pattern:</strong> Mumbai</p>
<p><strong>Size:</strong> 24"" × 24""</p>
<p><strong>Tiling:</strong> Straight</p>
<p><strong>Customizable Layers:</strong> 1</p>
<ul>
<li>Design</li>
</ul>
<p>This pattern is available in clothing mode with zoom controls (50%, 75%, 100%) for detailed preview.</p>
<p><em>Fully customizable with ColorFlex technology - choose your colors!</em></p>",Saffron Cottage,Wallpaper & Fabric,Wallpaper & Fabric,"ColorFlex, Clothing, Clothing Collection, Bombay, Straight, 1 Layers",TRUE,Material,Customizable,BOMBAY-MUMBAI-CLO1,0,,deny,manual,0.00,,TRUE,TRUE,,https://so-animation.com/colorflex/data/collections/bombay/thumbnails/mumbai.jpg,1,Mumbai - Bombay Clothing Collection,FALSE,Mumbai - Bombay Clothing | ColorFlex Custom Wallpaper & Fabric,Customize Mumbai from the Bombay clothing collection. 1 customizable layers with ColorFlex technology. Preview at multiple zoom levels.,Home & Garden > Decor,,,,,,new,TRUE,ColorFlex,Bombay,Clothing Collection,,,,lb,,,active
bombay-new-delhi-clo1,New Delhi (Clothing),"<p><strong>Collection:</strong> Bombay - Clothing Collection</p>
<p><strong>Pattern:</strong> New Delhi</p>
<p><strong>Size:</strong> 24"" × 24""</p>
<p><strong>Tiling:</strong> Straight</p>
<p><strong>Customizable Layers:</strong> 2</p>
<ul>
<li>Border Color</li><li>Design</li>
</ul>
<p>This pattern is available in clothing mode with zoom controls (50%, 75%, 100%) for detailed preview.</p>
<p><em>Fully customizable with ColorFlex technology - choose your colors!</em></p>",Saffron Cottage,Wallpaper & Fabric,Wallpaper & Fabric,"ColorFlex, Clothing, Clothing Collection, Bombay, Straight, 2 Layers",TRUE,Material,Customizable,BOMBAY-NEW-DELHI-CLO1,0,,deny,manual,0.00,,TRUE,TRUE,,https://so-animation.com/colorflex/data/collections/bombay/thumbnails/new-delhi.jpg,1,New Delhi - Bombay Clothing Collection,FALSE,New Delhi - Bombay Clothing | ColorFlex Custom Wallpaper & Fabric,Customize New Delhi from the Bombay clothing collection. 2 customizable layers with ColorFlex technology. Preview at multiple zoom levels.,Home & Garden > Decor,,,,,,new,TRUE,ColorFlex,Bombay,Clothing Collection,,,,lb,,,active
bombay-oulgareti-clo1,Oulgareti (Clothing),"<p><strong>Collection:</strong> Bombay - Clothing Collection</p>
<p><strong>Pattern:</strong> Oulgareti</p>
<p><strong>Size:</strong> 24"" × 24""</p>
<p><strong>Tiling:</strong> Straight</p>
<p><strong>Customizable Layers:</strong> 1</p>
<ul>
<li>Design</li>
</ul>
<p>This pattern is available in clothing mode with zoom controls (50%, 75%, 100%) for detailed preview.</p>
<p><em>Fully customizable with ColorFlex technology - choose your colors!</em></p>",Saffron Cottage,Wallpaper & Fabric,Wallpaper & Fabric,"ColorFlex, Clothing, Clothing Collection, Bombay, Straight, 1 Layers",TRUE,Material,Customizable,BOMBAY-OULGARETI-CLO1,0,,deny,manual,0.00,,TRUE,TRUE,,https://so-animation.com/colorflex/data/collections/bombay/thumbnails/oulgareti.jpg,1,Oulgareti - Bombay Clothing Collection,FALSE,Oulgareti - Bombay Clothing | ColorFlex Custom Wallpaper & Fabric,Customize Oulgareti from the Bombay clothing collection. 1 customizable layers with ColorFlex technology. Preview at multiple zoom levels.,Home & Garden > Decor,,,,,,new,TRUE,ColorFlex,Bombay,Clothing Collection,,,,lb,,,active
bombay-patina-clo1,Patina (Clothing),"<p><strong>Collection:</strong> Bombay - Clothing Collection</p>
<p><strong>Pattern:</strong> Patina</p>
<p><strong>Size:</strong> 24"" × 24""</p>
<p><strong>Tiling:</strong> Straight</p>
<p><strong>Customizable Layers:</strong> 1</p>
<ul>
<li>Layer 1</li>
</ul>
<p>This pattern is available in clothing mode with zoom controls (50%, 75%, 100%) for detailed preview.</p>
<p><em>Fully customizable with ColorFlex technology - choose your colors!</em></p>",Saffron Cottage,Wallpaper & Fabric,Wallpaper & Fabric,"ColorFlex, Clothing, Clothing Collection, Bombay, Straight, 1 Layers",TRUE,Material,Customizable,BOMBAY-PATINA-CLO1,0,,deny,manual,0.00,,TRUE,TRUE,,https://so-animation.com/colorflex/data/collections/bombay/thumbnails/patina.jpg,1,Patina - Bombay Clothing Collection,FALSE,Patina - Bombay Clothing | ColorFlex Custom Wallpaper & Fabric,Customize Patina from the Bombay clothing collection. 1 customizable layers with ColorFlex technology. Preview at multiple zoom levels.,Home & Garden > Decor,,,,,,new,TRUE,ColorFlex,Bombay,Clothing Collection,,,,lb,,,active
bombay-raipur-clo1,Raipur (Clothing),"<p><strong>Collection:</strong> Bombay - Clothing Collection</p>
<p><strong>Pattern:</strong> Raipur</p>
<p><strong>Size:</strong> 24"" × 24""</p>
<p><strong>Tiling:</strong> Straight</p>
<p><strong>Customizable Layers:</strong> 2</p>
<ul>
<li>Pomegrannet Trellis</li><li>Pomegrannet Trellis</li>
</ul>
<p>This pattern is available in clothing mode with zoom controls (50%, 75%, 100%) for detailed preview.</p>
<p><em>Fully customizable with ColorFlex technology - choose your colors!</em></p>",Saffron Cottage,Wallpaper & Fabric,Wallpaper & Fabric,"ColorFlex, Clothing, Clothing Collection, Bombay, Straight, 2 Layers",TRUE,Material,Customizable,BOMBAY-RAIPUR-CLO1,0,,deny,manual,0.00,,TRUE,TRUE,,https://so-animation.com/colorflex/data/collections/bombay/thumbnails/raipur.jpg,1,Raipur - Bombay Clothing Collection,FALSE,Raipur - Bombay Clothing | ColorFlex Custom Wallpaper & Fabric,Customize Raipur from the Bombay clothing collection. 2 customizable layers with ColorFlex technology. Preview at multiple zoom levels.,Home & Garden > Decor,,,,,,new,TRUE,ColorFlex,Bombay,Clothing Collection,,,,lb,,,active
bombay-saino-clo1,Saino (Clothing),"<p><strong>Collection:</strong> Bombay - Clothing Collection</p>
<p><strong>Pattern:</strong> Saino</p>
<p><strong>Size:</strong> 24"" × 24""</p>
<p><strong>Tiling:</strong> Straight</p>
<p><strong>Customizable Layers:</strong> 2</p>
<ul>
<li>Dots</li><li>Petals</li>
</ul>
<p>This pattern is available in clothing mode with zoom controls (50%, 75%, 100%) for detailed preview.</p>
<p><em>Fully customizable with ColorFlex technology - choose your colors!</em></p>",Saffron Cottage,Wallpaper & Fabric,Wallpaper & Fabric,"ColorFlex, Clothing, Clothing Collection, Bombay, Straight, 2 Layers",TRUE,Material,Customizable,BOMBAY-SAINO-CLO1,0,,deny,manual,0.00,,TRUE,TRUE,,https://so-animation.com/colorflex/data/collections/bombay/thumbnails/saino.jpg,1,Saino - Bombay Clothing Collection,FALSE,Saino - Bombay Clothing | ColorFlex Custom Wallpaper & Fabric,Customize Saino from the Bombay clothing collection. 2 customizable layers with ColorFlex technology. Preview at multiple zoom levels.,Home & Garden > Decor,,,,,,new,TRUE,ColorFlex,Bombay,Clothing Collection,,,,lb,,,active
bombay-sketched-tree-clo1,Sketched Tree (Clothing),"<p><strong>Collection:</strong> Bombay - Clothing Collection</p>
<p><strong>Pattern:</strong> Sketched Tree</p>
<p><strong>Size:</strong> 24"" × 24""</p>
<p><strong>Tiling:</strong> Straight</p>
<p><strong>Customizable Layers:</strong> 1</p>
<ul>
<li>Pattern</li>
</ul>
<p>This pattern is available in clothing mode with zoom controls (50%, 75%, 100%) for detailed preview.</p>
<p><em>Fully customizable with ColorFlex technology - choose your colors!</em></p>",Saffron Cottage,Wallpaper & Fabric,Wallpaper & Fabric,"ColorFlex, Clothing, Clothing Collection, Bombay, Straight, 1 Layers",TRUE,Material,Customizable,BOMBAY-SKETCHED-TREE-CLO1,0,,deny,manual,0.00,,TRUE,TRUE,,https://so-animation.com/colorflex/data/collections/bombay/thumbnails/sketched-tree.jpg,1,Sketched Tree - Bombay Clothing Collection,FALSE,Sketched Tree - Bombay Clothing | ColorFlex Custom Wallpaper & Fabric,Customize Sketched Tree from the Bombay clothing collection. 1 customizable layers with ColorFlex technology. Preview at multiple zoom levels.,Home & Garden > Decor,,,,,,new,TRUE,ColorFlex,Bombay,Clothing Collection,,,,lb,,,active
bombay-star-of-india-clo1,Star Of India (Clothing),"<p><strong>Collection:</strong> Bombay - Clothing Collection</p>
<p><strong>Pattern:</strong> Star Of India</p>
<p><strong>Size:</strong> 24"" × 24""</p>
<p><strong>Tiling:</strong> Straight</p>
<p><strong>Customizable Layers:</strong> 1</p>
<ul>
<li>Pattern</li>
</ul>
<p>This pattern is available in clothing mode with zoom controls (50%, 75%, 100%) for detailed preview.</p>
<p><em>Fully customizable with ColorFlex technology - choose your colors!</em></p>",Saffron Cottage,Wallpaper & Fabric,Wallpaper & Fabric,"ColorFlex, Clothing, Clothing Collection, Bombay, Straight, 1 Layers",TRUE,Material,Customizable,BOMBAY-STAR-OF-INDIA-CLO1,0,,deny,manual,0.00,,TRUE,TRUE,,https://so-animation.com/colorflex/data/collections/bombay/thumbnails/star-of-india.jpg,1,Star Of India - Bombay Clothing Collection,FALSE,Star Of India - Bombay Clothing | ColorFlex Custom Wallpaper & Fabric,Customize Star Of India from the Bombay clothing collection. 1 customizable layers with ColorFlex technology. Preview at multiple zoom levels.,Home & Garden > Decor,,,,,,new,TRUE,ColorFlex,Bombay,Clothing Collection,,,,lb,,,active
bombay-tree-of-life-clo1,Tree Of Life (Clothing),"<p><strong>Collection:</strong> Bombay - Clothing Collection</p>
<p><strong>Pattern:</strong> Tree Of Life</p>
<p><strong>Size:</strong> 24"" × 24""</p>
<p><strong>Tiling:</strong> Straight</p>
<p><strong>Customizable Layers:</strong> 1</p>
<ul>
<li>Layer 1</li>
</ul>
<p>This pattern is available in clothing mode with zoom controls (50%, 75%, 100%) for detailed preview.</p>
<p><em>Fully customizable with ColorFlex technology - choose your colors!</em></p>",Saffron Cottage,Wallpaper & Fabric,Wallpaper & Fabric,"ColorFlex, Clothing, Clothing Collection, Bombay, Straight, 1 Layers",TRUE,Material,Customizable,BOMBAY-TREE-OF-LIFE-CLO1,0,,deny,manual,0.00,,TRUE,TRUE,,https://so-animation.com/colorflex/data/collections/bombay/thumbnails/tree-of-life.jpg,1,Tree Of Life - Bombay Clothing Collection,FALSE,Tree Of Life - Bombay Clothing | ColorFlex Custom Wallpaper & Fabric,Customize Tree Of Life from the Bombay clothing collection. 1 customizable layers with ColorFlex technology. Preview at multiple zoom levels.,Home & Garden > Decor,,,,,,new,TRUE,ColorFlex,Bombay,Clothing Collection,,,,lb,,,active
bombay-triben-clo1,Triben (Clothing),"<p><strong>Collection:</strong> Bombay - Clothing Collection</p>
<p><strong>Pattern:</strong> Triben</p>
<p><strong>Size:</strong> 24"" × 24""</p>
<p><strong>Tiling:</strong> Straight</p>
<p><strong>Customizable Layers:</strong> 1</p>
<ul>
<li>Layer 1</li>
</ul>
<p>This pattern is available in clothing mode with zoom controls (50%, 75%, 100%) for detailed preview.</p>
<p><em>Fully customizable with ColorFlex technology - choose your colors!</em></p>",Saffron Cottage,Wallpaper & Fabric,Wallpaper & Fabric,"ColorFlex, Clothing, Clothing Collection, Bombay, Straight, 1 Layers",TRUE,Material,Customizable,BOMBAY-TRIBEN-CLO1,0,,deny,manual,0.00,,TRUE,TRUE,,https://so-animation.com/colorflex/data/collections/bombay/thumbnails/triben.jpg,1,Triben - Bombay Clothing Collection,FALSE,Triben - Bombay Clothing | ColorFlex Custom Wallpaper & Fabric,Customize Triben from the Bombay clothing collection. 1 customizable layers with ColorFlex technology. Preview at multiple zoom levels.,Home & Garden > Decor,,,,,,new,TRUE,ColorFlex,Bombay,Clothing Collection,,,,lb,,,active
bombay-vadodara-indian-doiley-clo1,Vadodara Indian Doiley (Clothing),"<p><strong>Collection:</strong> Bombay - Clothing Collection</p>
<p><strong>Pattern:</strong> Vadodara Indian Doiley</p>
<p><strong>Size:</strong> 24"" × 24""</p>
<p><strong>Tiling:</strong> Straight</p>
<p><strong>Customizable Layers:</strong> 2</p>
<ul>
<li>Large Design</li><li>Tiny Flower</li>
</ul>
<p>This pattern is available in clothing mode with zoom controls (50%, 75%, 100%) for detailed preview.</p>
<p><em>Fully customizable with ColorFlex technology - choose your colors!</em></p>",Saffron Cottage,Wallpaper & Fabric,Wallpaper & Fabric,"ColorFlex, Clothing, Clothing Collection, Bombay, Straight, 2 Layers",TRUE,Material,Customizable,BOMBAY-VADODARA-INDIAN-DOILEY-CLO1,0,,deny,manual,0.00,,TRUE,TRUE,,https://so-animation.com/colorflex/data/collections/bombay/thumbnails/vadodara-indian-doiley.jpg,1,Vadodara Indian Doiley - Bombay Clothing Collection,FALSE,Vadodara Indian Doiley - Bombay Clothing | ColorFlex Custom Wallpaper & Fabric,Customize Vadodara Indian Doiley from the Bombay clothing collection. 2 customizable layers with ColorFlex technology. Preview at multiple zoom levels.,Home & Garden > Decor,,,,,,new,TRUE,ColorFlex,Bombay,Clothing Collection,,,,lb,,,active
bombay-yelananka-clo1,Yelananka (Clothing),"<p><strong>Collection:</strong> Bombay - Clothing Collection</p>
<p><strong>Pattern:</strong> Yelananka</p>
<p><strong>Size:</strong> 24"" × 24""</p>
<p><strong>Tiling:</strong> Straight</p>
<p><strong>Customizable Layers:</strong> 1</p>
<ul>
<li>Design</li>
</ul>
<p>This pattern is available in clothing mode with zoom controls (50%, 75%, 100%) for detailed preview.</p>
<p><em>Fully customizable with ColorFlex technology - choose your colors!</em></p>",Saffron Cottage,Wallpaper & Fabric,Wallpaper & Fabric,"ColorFlex, Clothing, Clothing Collection, Bombay, Straight, 1 Layers",TRUE,Material,Customizable,BOMBAY-YELANANKA-CLO1,0,,deny,manual,0.00,,TRUE,TRUE,,https://so-animation.com/colorflex/data/collections/bombay/thumbnails/yelananka.jpg,1,Yelananka - Bombay Clothing Collection,FALSE,Yelananka - Bombay Clothing | ColorFlex Custom Wallpaper & Fabric,Customize Yelananka from the Bombay clothing collection. 1 customizable layers with ColorFlex technology. Preview at multiple zoom levels.,Home & Garden > Decor,,,,,,new,TRUE,ColorFlex,Bombay,Clothing Collection,,,,lb,,,active
bombay-zamara-desert-birds-clo1,Zamara Desert Birds (Clothing),"<p><strong>Collection:</strong> Bombay - Clothing Collection</p>
<p><strong>Pattern:</strong> Zamara Desert Birds</p>
<p><strong>Size:</strong> 24"" × 24""</p>
<p><strong>Tiling:</strong> Straight</p>
<p><strong>Customizable Layers:</strong> 1</p>
<ul>
<li>Design</li>
</ul>
<p>This pattern is available in clothing mode with zoom controls (50%, 75%, 100%) for detailed preview.</p>
<p><em>Fully customizable with ColorFlex technology - choose your colors!</em></p>",Saffron Cottage,Wallpaper & Fabric,Wallpaper & Fabric,"ColorFlex, Clothing, Clothing Collection, Bombay, Straight, 1 Layers",TRUE,Material,Customizable,BOMBAY-ZAMARA-DESERT-BIRDS-CLO1,0,,deny,manual,0.00,,TRUE,TRUE,,https://so-animation.com/colorflex/data/collections/bombay/thumbnails/zamara-desert-birds.jpg,1,Zamara Desert Birds - Bombay Clothing Collection,FALSE,Zamara Desert Birds - Bombay Clothing | ColorFlex Custom Wallpaper & Fabric,Customize Zamara Desert Birds from the Bombay clothing collection. 1 customizable layers with ColorFlex technology. Preview at multiple zoom levels.,Home & Garden > Decor,,,,,,new,TRUE,ColorFlex,Bombay,Clothing Collection,,,,lb,,,active
traditions-agnes-clo1,Agnes (Clothing),"<p><strong>Collection:</strong> Traditions - Clothing Collection</p>
<p><strong>Pattern:</strong> Agnes</p>
<p><strong>Size:</strong> 24"" × 24""</p>
<p><strong>Tiling:</strong> Straight</p>
<p><strong>Customizable Layers:</strong> 3</p>
<ul>
<li>Leaves</li><li>Rounds</li><li>Small Dots</li>
</ul>
<p>This pattern is available in clothing mode with zoom controls (50%, 75%, 100%) for detailed preview.</p>
<p><em>Fully customizable with ColorFlex technology - choose your colors!</em></p>",Saffron Cottage,Wallpaper & Fabric,Wallpaper & Fabric,"ColorFlex, Clothing, Clothing Collection, Traditions, Straight, 3 Layers",TRUE,Material,Customizable,TRADITIONS-AGNES-CLO1,0,,deny,manual,0.00,,TRUE,TRUE,,https://so-animation.com/colorflex/data/collections/traditions/thumbnails/agnes.jpg,1,Agnes - Traditions Clothing Collection,FALSE,Agnes - Traditions Clothing | ColorFlex Custom Wallpaper & Fabric,Customize Agnes from the Traditions clothing collection. 3 customizable layers with ColorFlex technology. Preview at multiple zoom levels.,Home & Garden > Decor,,,,,,new,TRUE,ColorFlex,Traditions,Clothing Collection,,,,lb,,,active
traditions-aldred-the-dark-clo1,Aldred The Dark (Clothing),"<p><strong>Collection:</strong> Traditions - Clothing Collection</p>
<p><strong>Pattern:</strong> Aldred The Dark</p>
<p><strong>Size:</strong> 24"" × 34""</p>
<p><strong>Tiling:</strong> Straight</p>
<p><strong>Customizable Layers:</strong> 5</p>
<ul>
<li>Diamond Shields</li><li>Flower Stem</li><li>Frames</li><li>Pattern</li><li>Shields</li>
</ul>
<p>This pattern is available in clothing mode with zoom controls (50%, 75%, 100%) for detailed preview.</p>
<p><em>Fully customizable with ColorFlex technology - choose your colors!</em></p>",Saffron Cottage,Wallpaper & Fabric,Wallpaper & Fabric,"ColorFlex, Clothing, Clothing Collection, Traditions, Straight, 5 Layers",TRUE,Material,Customizable,TRADITIONS-ALDRED-THE-DARK-CLO1,0,,deny,manual,0.00,,TRUE,TRUE,,https://so-animation.com/colorflex/data/collections/traditions/thumbnails/aldred-the-dark.jpg,1,Aldred The Dark - Traditions Clothing Collection,FALSE,Aldred The Dark - Traditions Clothing | ColorFlex Custom Wallpaper & Fabric,Customize Aldred The Dark from the Traditions clothing collection. 5 customizable layers with ColorFlex technology. Preview at multiple zoom levels.,Home & Garden > Decor,,,,,,new,TRUE,ColorFlex,Traditions,Clothing Collection,,,,lb,,,active
traditions-arcadia-clo1,Arcadia (Clothing),"<p><strong>Collection:</strong> Traditions - Clothing Collection</p>
<p><strong>Pattern:</strong> Arcadia</p>
<p><strong>Size:</strong> 24"" × 30""</p>
<p><strong>Tiling:</strong> Half-Drop</p>
<p><strong>Customizable Layers:</strong> 2</p>
<ul>
<li>Texture</li><li>Trees</li>
</ul>
<p>This pattern is available in clothing mode with zoom controls (50%, 75%, 100%) for detailed preview.</p>
<p><em>Fully customizable with ColorFlex technology - choose your colors!</em></p>",Saffron Cottage,Wallpaper & Fabric,Wallpaper & Fabric,"ColorFlex, Clothing, Clothing Collection, Traditions, Half-Drop, 2 Layers",TRUE,Material,Customizable,TRADITIONS-ARCADIA-CLO1,0,,deny,manual,0.00,,TRUE,TRUE,,https://so-animation.com/colorflex/data/collections/traditions/thumbnails/arcadia.jpg,1,Arcadia - Traditions Clothing Collection,FALSE,Arcadia - Traditions Clothing | ColorFlex Custom Wallpaper & Fabric,Customize Arcadia from the Traditions clothing collection. 2 customizable layers with ColorFlex technology. Preview at multiple zoom levels.,Home & Garden > Decor,,,,,,new,TRUE,ColorFlex,Traditions,Clothing Collection,,,,lb,,,active
traditions-cloverdale-clo1,Cloverdale (Clothing),"<p><strong>Collection:</strong> Traditions - Clothing Collection</p>
<p><strong>Pattern:</strong> Cloverdale</p>
<p><strong>Size:</strong> 24"" × 24""</p>
<p><strong>Tiling:</strong> Straight</p>
<p><strong>Customizable Layers:</strong> 5</p>
<ul>
<li>Base Leaves</li><li>Flower</li><li>Round Leaf</li><li>Stems</li><li>Tiny Flowers</li>
</ul>
<p>This pattern is available in clothing mode with zoom controls (50%, 75%, 100%) for detailed preview.</p>
<p><em>Fully customizable with ColorFlex technology - choose your colors!</em></p>",Saffron Cottage,Wallpaper & Fabric,Wallpaper & Fabric,"ColorFlex, Clothing, Clothing Collection, Traditions, Straight, 5 Layers",TRUE,Material,Customizable,TRADITIONS-CLOVERDALE-CLO1,0,,deny,manual,0.00,,TRUE,TRUE,,https://so-animation.com/colorflex/data/collections/traditions/thumbnails/cloverdale.jpg,1,Cloverdale - Traditions Clothing Collection,FALSE,Cloverdale - Traditions Clothing | ColorFlex Custom Wallpaper & Fabric,Customize Cloverdale from the Traditions clothing collection. 5 customizable layers with ColorFlex technology. Preview at multiple zoom levels.,Home & Garden > Decor,,,,,,new,TRUE,ColorFlex,Traditions,Clothing Collection,,,,lb,,,active
traditions-cynrick-clo1,Cynrick (Clothing),"<p><strong>Collection:</strong> Traditions - Clothing Collection</p>
<p><strong>Pattern:</strong> Cynrick</p>
<p><strong>Size:</strong> 24"" × 24""</p>
<p><strong>Tiling:</strong> Straight</p>
<p><strong>Customizable Layers:</strong> 1</p>
<ul>
<li>Design</li>
</ul>
<p>This pattern is available in clothing mode with zoom controls (50%, 75%, 100%) for detailed preview.</p>
<p><em>Fully customizable with ColorFlex technology - choose your colors!</em></p>",Saffron Cottage,Wallpaper & Fabric,Wallpaper & Fabric,"ColorFlex, Clothing, Clothing Collection, Traditions, Straight, 1 Layers",TRUE,Material,Customizable,TRADITIONS-CYNRICK-CLO1,0,,deny,manual,0.00,,TRUE,TRUE,,https://so-animation.com/colorflex/data/collections/traditions/thumbnails/cynrick.jpg,1,Cynrick - Traditions Clothing Collection,FALSE,Cynrick - Traditions Clothing | ColorFlex Custom Wallpaper & Fabric,Customize Cynrick from the Traditions clothing collection. 1 customizable layers with ColorFlex technology. Preview at multiple zoom levels.,Home & Garden > Decor,,,,,,new,TRUE,ColorFlex,Traditions,Clothing Collection,,,,lb,,,active
traditions-esperanza-clo1,Esperanza (Clothing),"<p><strong>Collection:</strong> Traditions - Clothing Collection</p>
<p><strong>Pattern:</strong> Esperanza</p>
<p><strong>Size:</strong> 24"" × 24""</p>
<p><strong>Tiling:</strong> Straight</p>
<p><strong>Customizable Layers:</strong> 3</p>
<ul>
<li>Centers</li><li>Flowers</li><li>Leaves</li>
</ul>
<p>This pattern is available in clothing mode with zoom controls (50%, 75%, 100%) for detailed preview.</p>
<p><em>Fully customizable with ColorFlex technology - choose your colors!</em></p>",Saffron Cottage,Wallpaper & Fabric,Wallpaper & Fabric,"ColorFlex, Clothing, Clothing Collection, Traditions, Straight, 3 Layers",TRUE,Material,Customizable,TRADITIONS-ESPERANZA-CLO1,0,,deny,manual,0.00,,TRUE,TRUE,,https://so-animation.com/colorflex/data/collections/traditions/thumbnails/esperanza.jpg,1,Esperanza - Traditions Clothing Collection,FALSE,Esperanza - Traditions Clothing | ColorFlex Custom Wallpaper & Fabric,Customize Esperanza from the Traditions clothing collection. 3 customizable layers with ColorFlex technology. Preview at multiple zoom levels.,Home & Garden > Decor,,,,,,new,TRUE,ColorFlex,Traditions,Clothing Collection,,,,lb,,,active
traditions-florencia-clo1,Florencia (Clothing),"<p><strong>Collection:</strong> Traditions - Clothing Collection</p>
<p><strong>Pattern:</strong> Florencia</p>
<p><strong>Size:</strong> 24"" × 32""</p>
<p><strong>Tiling:</strong> Straight</p>
<p><strong>Customizable Layers:</strong> 3</p>
<ul>
<li>Flourish</li><li>Latice Pattern</li><li>Texture</li>
</ul>
<p>This pattern is available in clothing mode with zoom controls (50%, 75%, 100%) for detailed preview.</p>
<p><em>Fully customizable with ColorFlex technology - choose your colors!</em></p>",Saffron Cottage,Wallpaper & Fabric,Wallpaper & Fabric,"ColorFlex, Clothing, Clothing Collection, Traditions, Straight, 3 Layers",TRUE,Material,Customizable,TRADITIONS-FLORENCIA-CLO1,0,,deny,manual,0.00,,TRUE,TRUE,,https://so-animation.com/colorflex/data/collections/traditions/thumbnails/florencia.jpg,1,Florencia - Traditions Clothing Collection,FALSE,Florencia - Traditions Clothing | ColorFlex Custom Wallpaper & Fabric,Customize Florencia from the Traditions clothing collection. 3 customizable layers with ColorFlex technology. Preview at multiple zoom levels.,Home & Garden > Decor,,,,,,new,TRUE,ColorFlex,Traditions,Clothing Collection,,,,lb,,,active
traditions-frithwynn-clo1,Frithwynn (Clothing),"<p><strong>Collection:</strong> Traditions - Clothing Collection</p>
<p><strong>Pattern:</strong> Frithwynn</p>
<p><strong>Size:</strong> 24"" × 24""</p>
<p><strong>Tiling:</strong> Straight</p>
<p><strong>Customizable Layers:</strong> 1</p>
<ul>
<li>Design</li>
</ul>
<p>This pattern is available in clothing mode with zoom controls (50%, 75%, 100%) for detailed preview.</p>
<p><em>Fully customizable with ColorFlex technology - choose your colors!</em></p>",Saffron Cottage,Wallpaper & Fabric,Wallpaper & Fabric,"ColorFlex, Clothing, Clothing Collection, Traditions, Straight, 1 Layers",TRUE,Material,Customizable,TRADITIONS-FRITHWYNN-CLO1,0,,deny,manual,0.00,,TRUE,TRUE,,https://so-animation.com/colorflex/data/collections/traditions/thumbnails/frithwynn.jpg,1,Frithwynn - Traditions Clothing Collection,FALSE,Frithwynn - Traditions Clothing | ColorFlex Custom Wallpaper & Fabric,Customize Frithwynn from the Traditions clothing collection. 1 customizable layers with ColorFlex technology. Preview at multiple zoom levels.,Home & Garden > Decor,,,,,,new,TRUE,ColorFlex,Traditions,Clothing Collection,,,,lb,,,active
traditions-lotus-brocade-clo1,Lotus Brocade (Clothing),"<p><strong>Collection:</strong> Traditions - Clothing Collection</p>
<p><strong>Pattern:</strong> Lotus Brocade</p>
<p><strong>Size:</strong> 24"" × 24""</p>
<p><strong>Tiling:</strong> Straight</p>
<p><strong>Customizable Layers:</strong> 6</p>
<ul>
<li>Berries</li><li>Fern</li><li>Lotus Wreath</li><li>Medalions</li><li>Outline</li><li>Sprig</li>
</ul>
<p>This pattern is available in clothing mode with zoom controls (50%, 75%, 100%) for detailed preview.</p>
<p><em>Fully customizable with ColorFlex technology - choose your colors!</em></p>",Saffron Cottage,Wallpaper & Fabric,Wallpaper & Fabric,"ColorFlex, Clothing, Clothing Collection, Traditions, Straight, 6 Layers",TRUE,Material,Customizable,TRADITIONS-LOTUS-BROCADE-CLO1,0,,deny,manual,0.00,,TRUE,TRUE,,https://so-animation.com/colorflex/data/collections/traditions/thumbnails/lotus-brocade.jpg,1,Lotus Brocade - Traditions Clothing Collection,FALSE,Lotus Brocade - Traditions Clothing | ColorFlex Custom Wallpaper & Fabric,Customize Lotus Brocade from the Traditions clothing collection. 6 customizable layers with ColorFlex technology. Preview at multiple zoom levels.,Home & Garden > Decor,,,,,,new,TRUE,ColorFlex,Traditions,Clothing Collection,,,,lb,,,active
traditions-madeline-clo1,Madeline (Clothing),"<p><strong>Collection:</strong> Traditions - Clothing Collection</p>
<p><strong>Pattern:</strong> Madeline</p>
<p><strong>Size:</strong> 24"" × 24""</p>
<p><strong>Tiling:</strong> Straight</p>
<p><strong>Customizable Layers:</strong> 7</p>
<ul>
<li>Bold Border</li><li>Center Flower</li><li>Center Medalions</li><li>Double Flower</li><li>Mini Centers</li><li>Thin Border</li><li>Vines</li>
</ul>
<p>This pattern is available in clothing mode with zoom controls (50%, 75%, 100%) for detailed preview.</p>
<p><em>Fully customizable with ColorFlex technology - choose your colors!</em></p>",Saffron Cottage,Wallpaper & Fabric,Wallpaper & Fabric,"ColorFlex, Clothing, Clothing Collection, Traditions, Straight, 7 Layers",TRUE,Material,Customizable,TRADITIONS-MADELINE-CLO1,0,,deny,manual,0.00,,TRUE,TRUE,,https://so-animation.com/colorflex/data/collections/traditions/thumbnails/madeline.jpg,1,Madeline - Traditions Clothing Collection,FALSE,Madeline - Traditions Clothing | ColorFlex Custom Wallpaper & Fabric,Customize Madeline from the Traditions clothing collection. 7 customizable layers with ColorFlex technology. Preview at multiple zoom levels.,Home & Garden > Decor,,,,,,new,TRUE,ColorFlex,Traditions,Clothing Collection,,,,lb,,,active
traditions-majolika-clo1,Majolika (Clothing),"<p><strong>Collection:</strong> Traditions - Clothing Collection</p>
<p><strong>Pattern:</strong> Majolika</p>
<p><strong>Size:</strong> 24"" × 24""</p>
<p><strong>Tiling:</strong> Straight</p>
<p><strong>Customizable Layers:</strong> 5</p>
<ul>
<li>Background Floral</li><li>Carnations</li><li>Inside Medalians</li><li>Outlines</li><li>Outside Medalians</li>
</ul>
<p>This pattern is available in clothing mode with zoom controls (50%, 75%, 100%) for detailed preview.</p>
<p><em>Fully customizable with ColorFlex technology - choose your colors!</em></p>",Saffron Cottage,Wallpaper & Fabric,Wallpaper & Fabric,"ColorFlex, Clothing, Clothing Collection, Traditions, Straight, 5 Layers",TRUE,Material,Customizable,TRADITIONS-MAJOLIKA-CLO1,0,,deny,manual,0.00,,TRUE,TRUE,,https://so-animation.com/colorflex/data/collections/traditions/thumbnails/majolika.jpg,1,Majolika - Traditions Clothing Collection,FALSE,Majolika - Traditions Clothing | ColorFlex Custom Wallpaper & Fabric,Customize Majolika from the Traditions clothing collection. 5 customizable layers with ColorFlex technology. Preview at multiple zoom levels.,Home & Garden > Decor,,,,,,new,TRUE,ColorFlex,Traditions,Clothing Collection,,,,lb,,,active
traditions-majolika-floral-clo1,Majolika Floral (Clothing),"<p><strong>Collection:</strong> Traditions - Clothing Collection</p>
<p><strong>Pattern:</strong> Majolika Floral</p>
<p><strong>Size:</strong> 24"" × 24""</p>
<p><strong>Tiling:</strong> Straight</p>
<p><strong>Customizable Layers:</strong> 1</p>
<ul>
<li>Pattern</li>
</ul>
<p>This pattern is available in clothing mode with zoom controls (50%, 75%, 100%) for detailed preview.</p>
<p><em>Fully customizable with ColorFlex technology - choose your colors!</em></p>",Saffron Cottage,Wallpaper & Fabric,Wallpaper & Fabric,"ColorFlex, Clothing, Clothing Collection, Traditions, Straight, 1 Layers",TRUE,Material,Customizable,TRADITIONS-MAJOLIKA-FLORAL-CLO1,0,,deny,manual,0.00,,TRUE,TRUE,,https://so-animation.com/colorflex/data/collections/traditions/thumbnails/majolika-floral.jpg,1,Majolika Floral - Traditions Clothing Collection,FALSE,Majolika Floral - Traditions Clothing | ColorFlex Custom Wallpaper & Fabric,Customize Majolika Floral from the Traditions clothing collection. 1 customizable layers with ColorFlex technology. Preview at multiple zoom levels.,Home & Garden > Decor,,,,,,new,TRUE,ColorFlex,Traditions,Clothing Collection,,,,lb,,,active
traditions-majolika-large-clo1,Majolika Large (Clothing),"<p><strong>Collection:</strong> Traditions - Clothing Collection</p>
<p><strong>Pattern:</strong> Majolika Large</p>
<p><strong>Size:</strong> 24"" × 24""</p>
<p><strong>Tiling:</strong> Straight</p>
<p><strong>Customizable Layers:</strong> 5</p>
<ul>
<li>Background Floral</li><li>Carnations</li><li>Medalians Inside</li><li>Medalians Outside</li><li>Outlines</li>
</ul>
<p>This pattern is available in clothing mode with zoom controls (50%, 75%, 100%) for detailed preview.</p>
<p><em>Fully customizable with ColorFlex technology - choose your colors!</em></p>",Saffron Cottage,Wallpaper & Fabric,Wallpaper & Fabric,"ColorFlex, Clothing, Clothing Collection, Traditions, Straight, 5 Layers",TRUE,Material,Customizable,TRADITIONS-MAJOLIKA-LARGE-CLO1,0,,deny,manual,0.00,,TRUE,TRUE,,https://so-animation.com/colorflex/data/collections/traditions/thumbnails/majolika-large.jpg,1,Majolika Large - Traditions Clothing Collection,FALSE,Majolika Large - Traditions Clothing | ColorFlex Custom Wallpaper & Fabric,Customize Majolika Large from the Traditions clothing collection. 5 customizable layers with ColorFlex technology. Preview at multiple zoom levels.,Home & Garden > Decor,,,,,,new,TRUE,ColorFlex,Traditions,Clothing Collection,,,,lb,,,active
traditions-osburg-clo1,Osburg (Clothing),"<p><strong>Collection:</strong> Traditions - Clothing Collection</p>
<p><strong>Pattern:</strong> Osburg</p>
<p><strong>Size:</strong> 24"" × 24""</p>
<p><strong>Tiling:</strong> Straight</p>
<p><strong>Customizable Layers:</strong> 1</p>
<ul>
<li>24X24</li>
</ul>
<p>This pattern is available in clothing mode with zoom controls (50%, 75%, 100%) for detailed preview.</p>
<p><em>Fully customizable with ColorFlex technology - choose your colors!</em></p>",Saffron Cottage,Wallpaper & Fabric,Wallpaper & Fabric,"ColorFlex, Clothing, Clothing Collection, Traditions, Straight, 1 Layers",TRUE,Material,Customizable,TRADITIONS-OSBURG-CLO1,0,,deny,manual,0.00,,TRUE,TRUE,,https://so-animation.com/colorflex/data/collections/traditions/thumbnails/osburg.jpg,1,Osburg - Traditions Clothing Collection,FALSE,Osburg - Traditions Clothing | ColorFlex Custom Wallpaper & Fabric,Customize Osburg from the Traditions clothing collection. 1 customizable layers with ColorFlex technology. Preview at multiple zoom levels.,Home & Garden > Decor,,,,,,new,TRUE,ColorFlex,Traditions,Clothing Collection,,,,lb,,,active
traditions-rosehip-clo1,Rosehip (Clothing),"<p><strong>Collection:</strong> Traditions - Clothing Collection</p>
<p><strong>Pattern:</strong> Rosehip</p>
<p><strong>Size:</strong> 24"" × 24""</p>
<p><strong>Tiling:</strong> Straight</p>
<p><strong>Customizable Layers:</strong> 4</p>
<ul>
<li>Heart Flower</li><li>Leaves</li><li>Round Center</li><li>Wreath</li>
</ul>
<p>This pattern is available in clothing mode with zoom controls (50%, 75%, 100%) for detailed preview.</p>
<p><em>Fully customizable with ColorFlex technology - choose your colors!</em></p>",Saffron Cottage,Wallpaper & Fabric,Wallpaper & Fabric,"ColorFlex, Clothing, Clothing Collection, Traditions, Straight, 4 Layers",TRUE,Material,Customizable,TRADITIONS-ROSEHIP-CLO1,0,,deny,manual,0.00,,TRUE,TRUE,,https://so-animation.com/colorflex/data/collections/traditions/thumbnails/rosehip.jpg,1,Rosehip - Traditions Clothing Collection,FALSE,Rosehip - Traditions Clothing | ColorFlex Custom Wallpaper & Fabric,Customize Rosehip from the Traditions clothing collection. 4 customizable layers with ColorFlex technology. Preview at multiple zoom levels.,Home & Garden > Decor,,,,,,new,TRUE,ColorFlex,Traditions,Clothing Collection,,,,lb,,,active
traditions-rosemary-clo1,Rosemary (Clothing),"<p><strong>Collection:</strong> Traditions - Clothing Collection</p>
<p><strong>Pattern:</strong> Rosemary</p>
<p><strong>Size:</strong> 24"" × 24""</p>
<p><strong>Tiling:</strong> Straight</p>
<p><strong>Customizable Layers:</strong> 7</p>
<ul>
<li>Flowers</li><li>Frame Detail</li><li>Inner Frame</li><li>Large Leaves</li><li>Outter Frame</li><li>Small Leaves</li><li>Tiny Swags</li>
</ul>
<p>This pattern is available in clothing mode with zoom controls (50%, 75%, 100%) for detailed preview.</p>
<p><em>Fully customizable with ColorFlex technology - choose your colors!</em></p>",Saffron Cottage,Wallpaper & Fabric,Wallpaper & Fabric,"ColorFlex, Clothing, Clothing Collection, Traditions, Straight, 7 Layers",TRUE,Material,Customizable,TRADITIONS-ROSEMARY-CLO1,0,,deny,manual,0.00,,TRUE,TRUE,,https://so-animation.com/colorflex/data/collections/traditions/thumbnails/rosemary.jpg,1,Rosemary - Traditions Clothing Collection,FALSE,Rosemary - Traditions Clothing | ColorFlex Custom Wallpaper & Fabric,Customize Rosemary from the Traditions clothing collection. 7 customizable layers with ColorFlex technology. Preview at multiple zoom levels.,Home & Garden > Decor,,,,,,new,TRUE,ColorFlex,Traditions,Clothing Collection,,,,lb,,,active
traditions-valencia-clo1,Valencia (Clothing),"<p><strong>Collection:</strong> Traditions - Clothing Collection</p>
<p><strong>Pattern:</strong> Valencia</p>
<p><strong>Size:</strong> 24"" × 24""</p>
<p><strong>Tiling:</strong> Straight</p>
<p><strong>Customizable Layers:</strong> 1</p>
<ul>
<li>Design</li>
</ul>
<p>This pattern is available in clothing mode with zoom controls (50%, 75%, 100%) for detailed preview.</p>
<p><em>Fully customizable with ColorFlex technology - choose your colors!</em></p>",Saffron Cottage,Wallpaper & Fabric,Wallpaper & Fabric,"ColorFlex, Clothing, Clothing Collection, Traditions, Straight, 1 Layers",TRUE,Material,Customizable,TRADITIONS-VALENCIA-CLO1,0,,deny,manual,0.00,,TRUE,TRUE,,https://so-animation.com/colorflex/data/collections/traditions/thumbnails/valencia.jpg,1,Valencia - Traditions Clothing Collection,FALSE,Valencia - Traditions Clothing | ColorFlex Custom Wallpaper & Fabric,Customize Valencia from the Traditions clothing collection. 1 customizable layers with ColorFlex technology. Preview at multiple zoom levels.,Home & Garden > Decor,,,,,,new,TRUE,ColorFlex,Traditions,Clothing Collection,,,,lb,,,active
folksie-cherie-cherie-clo1,Cherie Cherie (Clothing),"<p><strong>Collection:</strong> Folksie - Clothing Collection</p>
<p><strong>Pattern:</strong> Cherie Cherie</p>
<p><strong>Size:</strong> 24"" × 24""</p>
<p><strong>Tiling:</strong> Straight</p>
<p><strong>Customizable Layers:</strong> 4</p>
<ul>
<li>Cherries</li><li>Design</li><li>Leaves</li><li>Texture</li>
</ul>
<p>This pattern is available in clothing mode with zoom controls (50%, 75%, 100%) for detailed preview.</p>
<p><em>Fully customizable with ColorFlex technology - choose your colors!</em></p>",Saffron Cottage,Wallpaper & Fabric,Wallpaper & Fabric,"ColorFlex, Clothing, Clothing Collection, Folksie, Straight, 4 Layers",TRUE,Material,Customizable,FOLKSIE-CHERIE-CHERIE-CLO1,0,,deny,manual,0.00,,TRUE,TRUE,,https://so-animation.com/colorflex/data/collections/folksie/thumbnails/cherie-cherie.jpg,1,Cherie Cherie - Folksie Clothing Collection,FALSE,Cherie Cherie - Folksie Clothing | ColorFlex Custom Wallpaper & Fabric,Customize Cherie Cherie from the Folksie clothing collection. 4 customizable layers with ColorFlex technology. Preview at multiple zoom levels.,Home & Garden > Decor,,,,,,new,TRUE,ColorFlex,Folksie,Clothing Collection,,,,lb,,,active
folksie-flame-tree-clo1,Flame Tree (Clothing),"<p><strong>Collection:</strong> Folksie - Clothing Collection</p>
<p><strong>Pattern:</strong> Flame Tree</p>
<p><strong>Size:</strong> 24"" × 24""</p>
<p><strong>Tiling:</strong> Straight</p>
<p><strong>Customizable Layers:</strong> 2</p>
<ul>
<li>Flames</li><li>Trees</li>
</ul>
<p>This pattern is available in clothing mode with zoom controls (50%, 75%, 100%) for detailed preview.</p>
<p><em>Fully customizable with ColorFlex technology - choose your colors!</em></p>",Saffron Cottage,Wallpaper & Fabric,Wallpaper & Fabric,"ColorFlex, Clothing, Clothing Collection, Folksie, Straight, 2 Layers",TRUE,Material,Customizable,FOLKSIE-FLAME-TREE-CLO1,0,,deny,manual,0.00,,TRUE,TRUE,,https://so-animation.com/colorflex/data/collections/folksie/thumbnails/flame-tree.jpg,1,Flame Tree - Folksie Clothing Collection,FALSE,Flame Tree - Folksie Clothing | ColorFlex Custom Wallpaper & Fabric,Customize Flame Tree from the Folksie clothing collection. 2 customizable layers with ColorFlex technology. Preview at multiple zoom levels.,Home & Garden > Decor,,,,,,new,TRUE,ColorFlex,Folksie,Clothing Collection,,,,lb,,,active
folksie-folk-vine-clo1,Folk Vine (Clothing),"<p><strong>Collection:</strong> Folksie - Clothing Collection</p>
<p><strong>Pattern:</strong> Folk Vine</p>
<p><strong>Size:</strong> 24"" × 24""</p>
<p><strong>Tiling:</strong> Straight</p>
<p><strong>Customizable Layers:</strong> 9</p>
<ul>
<li>Berries</li><li>Center Leaves</li><li>Flower Centers</li><li>Lillies</li><li>Outter Leaves</li><li>Round Flowers</li><li>Small Flowers</li><li>Tiny Flowers</li><li>Tulips</li>
</ul>
<p>This pattern is available in clothing mode with zoom controls (50%, 75%, 100%) for detailed preview.</p>
<p><em>Fully customizable with ColorFlex technology - choose your colors!</em></p>",Saffron Cottage,Wallpaper & Fabric,Wallpaper & Fabric,"ColorFlex, Clothing, Clothing Collection, Folksie, Straight, 9 Layers",TRUE,Material,Customizable,FOLKSIE-FOLK-VINE-CLO1,0,,deny,manual,0.00,,TRUE,TRUE,,https://so-animation.com/colorflex/data/collections/folksie/thumbnails/folk-vine.jpg,1,Folk Vine - Folksie Clothing Collection,FALSE,Folk Vine - Folksie Clothing | ColorFlex Custom Wallpaper & Fabric,Customize Folk Vine from the Folksie clothing collection. 9 customizable layers with ColorFlex technology. Preview at multiple zoom levels.,Home & Garden > Decor,,,,,,new,TRUE,ColorFlex,Folksie,Clothing Collection,,,,lb,,,active
folksie-my-cherie-amour-clo1,My Cherie Amour (Clothing),"<p><strong>Collection:</strong> Folksie - Clothing Collection</p>
<p><strong>Pattern:</strong> My Cherie Amour</p>
<p><strong>Size:</strong> 24"" × 24""</p>
<p><strong>Tiling:</strong> Straight</p>
<p><strong>Customizable Layers:</strong> 6</p>
<ul>
<li>Black Outline</li><li>Cherries</li><li>Leaves</li><li>Left Side Twig</li><li>Right Side Twig</li><li>Texture</li>
</ul>
<p>This pattern is available in clothing mode with zoom controls (50%, 75%, 100%) for detailed preview.</p>
<p><em>Fully customizable with ColorFlex technology - choose your colors!</em></p>",Saffron Cottage,Wallpaper & Fabric,Wallpaper & Fabric,"ColorFlex, Clothing, Clothing Collection, Folksie, Straight, 6 Layers",TRUE,Material,Customizable,FOLKSIE-MY-CHERIE-AMOUR-CLO1,0,,deny,manual,0.00,,TRUE,TRUE,,https://so-animation.com/colorflex/data/collections/folksie/thumbnails/my-cherie-amour.jpg,1,My Cherie Amour - Folksie Clothing Collection,FALSE,My Cherie Amour - Folksie Clothing | ColorFlex Custom Wallpaper & Fabric,Customize My Cherie Amour from the Folksie clothing collection. 6 customizable layers with ColorFlex technology. Preview at multiple zoom levels.,Home & Garden > Decor,,,,,,new,TRUE,ColorFlex,Folksie,Clothing Collection,,,,lb,,,active
geometry-allurium-clo1,Allurium (Clothing),"<p><strong>Collection:</strong> Geometry - Clothing Collection</p>
<p><strong>Pattern:</strong> Allurium</p>
<p><strong>Size:</strong> 24"" × 24""</p>
<p><strong>Tiling:</strong> Straight</p>
<p><strong>Customizable Layers:</strong> 3</p>
<ul>
<li>Center</li><li>Left</li><li>Right</li>
</ul>
<p>This pattern is available in clothing mode with zoom controls (50%, 75%, 100%) for detailed preview.</p>
<p><em>Fully customizable with ColorFlex technology - choose your colors!</em></p>",Saffron Cottage,Wallpaper & Fabric,Wallpaper & Fabric,"ColorFlex, Clothing, Clothing Collection, Geometry, Straight, 3 Layers",TRUE,Material,Customizable,GEOMETRY-ALLURIUM-CLO1,0,,deny,manual,0.00,,TRUE,TRUE,,https://so-animation.com/colorflex/data/collections/geometry/thumbnails/allurium.jpg,1,Allurium - Geometry Clothing Collection,FALSE,Allurium - Geometry Clothing | ColorFlex Custom Wallpaper & Fabric,Customize Allurium from the Geometry clothing collection. 3 customizable layers with ColorFlex technology. Preview at multiple zoom levels.,Home & Garden > Decor,,,,,,new,TRUE,ColorFlex,Geometry,Clothing Collection,,,,lb,,,active
geometry-eddy-clo1,Eddy (Clothing),"<p><strong>Collection:</strong> Geometry - Clothing Collection</p>
<p><strong>Pattern:</strong> Eddy</p>
<p><strong>Size:</strong> 24"" × 24""</p>
<p><strong>Tiling:</strong> Half-Drop</p>
<p><strong>Customizable Layers:</strong> 1</p>
<ul>
<li>Design</li>
</ul>
<p>This pattern is available in clothing mode with zoom controls (50%, 75%, 100%) for detailed preview.</p>
<p><em>Fully customizable with ColorFlex technology - choose your colors!</em></p>",Saffron Cottage,Wallpaper & Fabric,Wallpaper & Fabric,"ColorFlex, Clothing, Clothing Collection, Geometry, Half-Drop, 1 Layers",TRUE,Material,Customizable,GEOMETRY-EDDY-CLO1,0,,deny,manual,0.00,,TRUE,TRUE,,https://so-animation.com/colorflex/data/collections/geometry/thumbnails/eddy.jpg,1,Eddy - Geometry Clothing Collection,FALSE,Eddy - Geometry Clothing | ColorFlex Custom Wallpaper & Fabric,Customize Eddy from the Geometry clothing collection. 1 customizable layers with ColorFlex technology. Preview at multiple zoom levels.,Home & Garden > Decor,,,,,,new,TRUE,ColorFlex,Geometry,Clothing Collection,,,,lb,,,active
geometry-fluvial-clo1,Fluvial (Clothing),"<p><strong>Collection:</strong> Geometry - Clothing Collection</p>
<p><strong>Pattern:</strong> Fluvial</p>
<p><strong>Size:</strong> 24"" × 24""</p>
<p><strong>Tiling:</strong> Straight</p>
<p><strong>Customizable Layers:</strong> 3</p>
<ul>
<li>Left Side</li><li>Right Side</li><li>Top Of Block</li>
</ul>
<p>This pattern is available in clothing mode with zoom controls (50%, 75%, 100%) for detailed preview.</p>
<p><em>Fully customizable with ColorFlex technology - choose your colors!</em></p>",Saffron Cottage,Wallpaper & Fabric,Wallpaper & Fabric,"ColorFlex, Clothing, Clothing Collection, Geometry, Straight, 3 Layers",TRUE,Material,Customizable,GEOMETRY-FLUVIAL-CLO1,0,,deny,manual,0.00,,TRUE,TRUE,,https://so-animation.com/colorflex/data/collections/geometry/thumbnails/fluvial.jpg,1,Fluvial - Geometry Clothing Collection,FALSE,Fluvial - Geometry Clothing | ColorFlex Custom Wallpaper & Fabric,Customize Fluvial from the Geometry clothing collection. 3 customizable layers with ColorFlex technology. Preview at multiple zoom levels.,Home & Garden > Decor,,,,,,new,TRUE,ColorFlex,Geometry,Clothing Collection,,,,lb,,,active
geometry-meander-clo1,Meander (Clothing),"<p><strong>Collection:</strong> Geometry - Clothing Collection</p>
<p><strong>Pattern:</strong> Meander</p>
<p><strong>Size:</strong> 24"" × 24""</p>
<p><strong>Tiling:</strong> Straight</p>
<p><strong>Customizable Layers:</strong> 6</p>
<ul>
<li>Bracket</li><li>Diamond Center</li><li>Diamond Middle</li><li>Diamond Outside</li><li>Dot</li><li>Tiny Diamond</li>
</ul>
<p>This pattern is available in clothing mode with zoom controls (50%, 75%, 100%) for detailed preview.</p>
<p><em>Fully customizable with ColorFlex technology - choose your colors!</em></p>",Saffron Cottage,Wallpaper & Fabric,Wallpaper & Fabric,"ColorFlex, Clothing, Clothing Collection, Geometry, Straight, 6 Layers",TRUE,Material,Customizable,GEOMETRY-MEANDER-CLO1,0,,deny,manual,0.00,,TRUE,TRUE,,https://so-animation.com/colorflex/data/collections/geometry/thumbnails/meander.jpg,1,Meander - Geometry Clothing Collection,FALSE,Meander - Geometry Clothing | ColorFlex Custom Wallpaper & Fabric,Customize Meander from the Geometry clothing collection. 6 customizable layers with ColorFlex technology. Preview at multiple zoom levels.,Home & Garden > Decor,,,,,,new,TRUE,ColorFlex,Geometry,Clothing Collection,,,,lb,,,active
geometry-meet-in-the-middle-clo1,Meet In The Middle (Clothing),"<p><strong>Collection:</strong> Geometry - Clothing Collection</p>
<p><strong>Pattern:</strong> Meet In The Middle</p>
<p><strong>Size:</strong> 24"" × 24""</p>
<p><strong>Tiling:</strong> Straight</p>
<p><strong>Customizable Layers:</strong> 2</p>
<ul>
<li>Center Line</li><li>Outline</li>
</ul>
<p>This pattern is available in clothing mode with zoom controls (50%, 75%, 100%) for detailed preview.</p>
<p><em>Fully customizable with ColorFlex technology - choose your colors!</em></p>",Saffron Cottage,Wallpaper & Fabric,Wallpaper & Fabric,"ColorFlex, Clothing, Clothing Collection, Geometry, Straight, 2 Layers",TRUE,Material,Customizable,GEOMETRY-MEET-IN-THE-MIDDLE-CLO1,0,,deny,manual,0.00,,TRUE,TRUE,,https://so-animation.com/colorflex/data/collections/geometry/thumbnails/meet-in-the-middle.jpg,1,Meet In The Middle - Geometry Clothing Collection,FALSE,Meet In The Middle - Geometry Clothing | ColorFlex Custom Wallpaper & Fabric,Customize Meet In The Middle from the Geometry clothing collection. 2 customizable layers with ColorFlex technology. Preview at multiple zoom levels.,Home & Garden > Decor,,,,,,new,TRUE,ColorFlex,Geometry,Clothing Collection,,,,lb,,,active
geometry-oxbow-clo1,Oxbow (Clothing),"<p><strong>Collection:</strong> Geometry - Clothing Collection</p>
<p><strong>Pattern:</strong> Oxbow</p>
<p><strong>Size:</strong> 24"" × 24""</p>
<p><strong>Tiling:</strong> Straight</p>
<p><strong>Customizable Layers:</strong> 6</p>
<ul>
<li>Dots 1</li><li>Dots 2</li><li>Dots 3</li><li>Dots 4</li><li>Dots 5</li><li>Fuzzy Layer</li>
</ul>
<p>This pattern is available in clothing mode with zoom controls (50%, 75%, 100%) for detailed preview.</p>
<p><em>Fully customizable with ColorFlex technology - choose your colors!</em></p>",Saffron Cottage,Wallpaper & Fabric,Wallpaper & Fabric,"ColorFlex, Clothing, Clothing Collection, Geometry, Straight, 6 Layers",TRUE,Material,Customizable,GEOMETRY-OXBOW-CLO1,0,,deny,manual,0.00,,TRUE,TRUE,,https://so-animation.com/colorflex/data/collections/geometry/thumbnails/oxbow.jpg,1,Oxbow - Geometry Clothing Collection,FALSE,Oxbow - Geometry Clothing | ColorFlex Custom Wallpaper & Fabric,Customize Oxbow from the Geometry clothing collection. 6 customizable layers with ColorFlex technology. Preview at multiple zoom levels.,Home & Garden > Decor,,,,,,new,TRUE,ColorFlex,Geometry,Clothing Collection,,,,lb,,,active
geometry-rapids-clo1,Rapids (Clothing),"<p><strong>Collection:</strong> Geometry - Clothing Collection</p>
<p><strong>Pattern:</strong> Rapids</p>
<p><strong>Size:</strong> 24"" × 24""</p>
<p><strong>Tiling:</strong> Straight</p>
<p><strong>Customizable Layers:</strong> 8</p>
<ul>
<li>Center</li><li>Lines 1</li><li>Lines 2</li><li>Lines 3</li><li>Lines 4</li><li>Lines 5</li><li>Lines 6</li><li>Lines 7</li>
</ul>
<p>This pattern is available in clothing mode with zoom controls (50%, 75%, 100%) for detailed preview.</p>
<p><em>Fully customizable with ColorFlex technology - choose your colors!</em></p>",Saffron Cottage,Wallpaper & Fabric,Wallpaper & Fabric,"ColorFlex, Clothing, Clothing Collection, Geometry, Straight, 8 Layers",TRUE,Material,Customizable,GEOMETRY-RAPIDS-CLO1,0,,deny,manual,0.00,,TRUE,TRUE,,https://so-animation.com/colorflex/data/collections/geometry/thumbnails/rapids.jpg,1,Rapids - Geometry Clothing Collection,FALSE,Rapids - Geometry Clothing | ColorFlex Custom Wallpaper & Fabric,Customize Rapids from the Geometry clothing collection. 8 customizable layers with ColorFlex technology. Preview at multiple zoom levels.,Home & Garden > Decor,,,,,,new,TRUE,ColorFlex,Geometry,Clothing Collection,,,,lb,,,active
geometry-riparian-clo1,Riparian (Clothing),"<p><strong>Collection:</strong> Geometry - Clothing Collection</p>
<p><strong>Pattern:</strong> Riparian</p>
<p><strong>Size:</strong> 24"" × 24""</p>
<p><strong>Tiling:</strong> Straight</p>
<p><strong>Customizable Layers:</strong> 5</p>
<ul>
<li>Dots</li><li>Horizontal Bottom</li><li>Horizontal Top</li><li>Vertical Left</li><li>Vertical Right</li>
</ul>
<p>This pattern is available in clothing mode with zoom controls (50%, 75%, 100%) for detailed preview.</p>
<p><em>Fully customizable with ColorFlex technology - choose your colors!</em></p>",Saffron Cottage,Wallpaper & Fabric,Wallpaper & Fabric,"ColorFlex, Clothing, Clothing Collection, Geometry, Straight, 5 Layers",TRUE,Material,Customizable,GEOMETRY-RIPARIAN-CLO1,0,,deny,manual,0.00,,TRUE,TRUE,,https://so-animation.com/colorflex/data/collections/geometry/thumbnails/riparian.jpg,1,Riparian - Geometry Clothing Collection,FALSE,Riparian - Geometry Clothing | ColorFlex Custom Wallpaper & Fabric,Customize Riparian from the Geometry clothing collection. 5 customizable layers with ColorFlex technology. Preview at multiple zoom levels.,Home & Garden > Decor,,,,,,new,TRUE,ColorFlex,Geometry,Clothing Collection,,,,lb,,,active
geometry-thalweg-clo1,Thalweg (Clothing),"<p><strong>Collection:</strong> Geometry - Clothing Collection</p>
<p><strong>Pattern:</strong> Thalweg</p>
<p><strong>Size:</strong> 24"" × 24""</p>
<p><strong>Tiling:</strong> Straight</p>
<p><strong>Customizable Layers:</strong> 5</p>
<ul>
<li>Shape2</li><li>Shape3</li><li>Shape4 Layer 4</li><li>Shape5</li><li>Texture</li>
</ul>
<p>This pattern is available in clothing mode with zoom controls (50%, 75%, 100%) for detailed preview.</p>
<p><em>Fully customizable with ColorFlex technology - choose your colors!</em></p>",Saffron Cottage,Wallpaper & Fabric,Wallpaper & Fabric,"ColorFlex, Clothing, Clothing Collection, Geometry, Straight, 5 Layers",TRUE,Material,Customizable,GEOMETRY-THALWEG-CLO1,0,,deny,manual,0.00,,TRUE,TRUE,,https://so-animation.com/colorflex/data/collections/geometry/thumbnails/thalweg.jpg,1,Thalweg - Geometry Clothing Collection,FALSE,Thalweg - Geometry Clothing | ColorFlex Custom Wallpaper & Fabric,Customize Thalweg from the Geometry clothing collection. 5 customizable layers with ColorFlex technology. Preview at multiple zoom levels.,Home & Garden > Decor,,,,,,new,TRUE,ColorFlex,Geometry,Clothing Collection,,,,lb,,,active
ikats-jahmal-clo1,Jahmal (Clothing),"<p><strong>Collection:</strong> Ikats - Clothing Collection</p>
<p><strong>Pattern:</strong> Jahmal</p>
<p><strong>Size:</strong> 24"" × 24""</p>
<p><strong>Tiling:</strong> Straight</p>
<p><strong>Customizable Layers:</strong> 3</p>
<ul>
<li>Lg Pattern</li><li>Sm Dots</li><li>Texture</li>
</ul>
<p>This pattern is available in clothing mode with zoom controls (50%, 75%, 100%) for detailed preview.</p>
<p><em>Fully customizable with ColorFlex technology - choose your colors!</em></p>",Saffron Cottage,Wallpaper & Fabric,Wallpaper & Fabric,"ColorFlex, Clothing, Clothing Collection, Ikats, Straight, 3 Layers",TRUE,Material,Customizable,IKATS-JAHMAL-CLO1,0,,deny,manual,0.00,,TRUE,TRUE,,https://so-animation.com/colorflex/data/collections/ikats/thumbnails/jahmal.jpg,1,Jahmal - Ikats Clothing Collection,FALSE,Jahmal - Ikats Clothing | ColorFlex Custom Wallpaper & Fabric,Customize Jahmal from the Ikats clothing collection. 3 customizable layers with ColorFlex technology. Preview at multiple zoom levels.,Home & Garden > Decor,,,,,,new,TRUE,ColorFlex,Ikats,Clothing Collection,,,,lb,,,active
ikats-jassar-clo1,Jassar (Clothing),"<p><strong>Collection:</strong> Ikats - Clothing Collection</p>
<p><strong>Pattern:</strong> Jassar</p>
<p><strong>Size:</strong> 24"" × 24""</p>
<p><strong>Tiling:</strong> Straight</p>
<p><strong>Customizable Layers:</strong> 2</p>
<ul>
<li>Texture</li><li>Zig Zag</li>
</ul>
<p>This pattern is available in clothing mode with zoom controls (50%, 75%, 100%) for detailed preview.</p>
<p><em>Fully customizable with ColorFlex technology - choose your colors!</em></p>",Saffron Cottage,Wallpaper & Fabric,Wallpaper & Fabric,"ColorFlex, Clothing, Clothing Collection, Ikats, Straight, 2 Layers",TRUE,Material,Customizable,IKATS-JASSAR-CLO1,0,,deny,manual,0.00,,TRUE,TRUE,,https://so-animation.com/colorflex/data/collections/ikats/thumbnails/jassar.jpg,1,Jassar - Ikats Clothing Collection,FALSE,Jassar - Ikats Clothing | ColorFlex Custom Wallpaper & Fabric,Customize Jassar from the Ikats clothing collection. 2 customizable layers with ColorFlex technology. Preview at multiple zoom levels.,Home & Garden > Decor,,,,,,new,TRUE,ColorFlex,Ikats,Clothing Collection,,,,lb,,,active
ikats-jasseer-clo1,Jasseer (Clothing),"<p><strong>Collection:</strong> Ikats - Clothing Collection</p>
<p><strong>Pattern:</strong> Jasseer</p>
<p><strong>Size:</strong> 24"" × 24""</p>
<p><strong>Tiling:</strong> Straight</p>
<p><strong>Customizable Layers:</strong> 6</p>
<ul>
<li>Dots</li><li>Inner Diamond</li><li>Large Diamond</li><li>Layer 1</li><li>Small Diamonds</li><li>X Design</li>
</ul>
<p>This pattern is available in clothing mode with zoom controls (50%, 75%, 100%) for detailed preview.</p>
<p><em>Fully customizable with ColorFlex technology - choose your colors!</em></p>",Saffron Cottage,Wallpaper & Fabric,Wallpaper & Fabric,"ColorFlex, Clothing, Clothing Collection, Ikats, Straight, 6 Layers",TRUE,Material,Customizable,IKATS-JASSEER-CLO1,0,,deny,manual,0.00,,TRUE,TRUE,,https://so-animation.com/colorflex/data/collections/ikats/thumbnails/jasseer.jpg,1,Jasseer - Ikats Clothing Collection,FALSE,Jasseer - Ikats Clothing | ColorFlex Custom Wallpaper & Fabric,Customize Jasseer from the Ikats clothing collection. 6 customizable layers with ColorFlex technology. Preview at multiple zoom levels.,Home & Garden > Decor,,,,,,new,TRUE,ColorFlex,Ikats,Clothing Collection,,,,lb,,,active
ikats-jathar-clo1,Jathar (Clothing),"<p><strong>Collection:</strong> Ikats - Clothing Collection</p>
<p><strong>Pattern:</strong> Jathar</p>
<p><strong>Size:</strong> 24"" × 24""</p>
<p><strong>Tiling:</strong> Straight</p>
<p><strong>Customizable Layers:</strong> 4</p>
<ul>
<li>Diamond</li><li>Large Design</li><li>Texture</li><li>Tiny Dot</li>
</ul>
<p>This pattern is available in clothing mode with zoom controls (50%, 75%, 100%) for detailed preview.</p>
<p><em>Fully customizable with ColorFlex technology - choose your colors!</em></p>",Saffron Cottage,Wallpaper & Fabric,Wallpaper & Fabric,"ColorFlex, Clothing, Clothing Collection, Ikats, Straight, 4 Layers",TRUE,Material,Customizable,IKATS-JATHAR-CLO1,0,,deny,manual,0.00,,TRUE,TRUE,,https://so-animation.com/colorflex/data/collections/ikats/thumbnails/jathar.jpg,1,Jathar - Ikats Clothing Collection,FALSE,Jathar - Ikats Clothing | ColorFlex Custom Wallpaper & Fabric,Customize Jathar from the Ikats clothing collection. 4 customizable layers with ColorFlex technology. Preview at multiple zoom levels.,Home & Garden > Decor,,,,,,new,TRUE,ColorFlex,Ikats,Clothing Collection,,,,lb,,,active
ikats-jazmah-clo1,Jazmah (Clothing),"<p><strong>Collection:</strong> Ikats - Clothing Collection</p>
<p><strong>Pattern:</strong> Jazmah</p>
<p><strong>Size:</strong> 24"" × 24""</p>
<p><strong>Tiling:</strong> Straight</p>
<p><strong>Customizable Layers:</strong> 6</p>
<ul>
<li>Arrow</li><li>Dot</li><li>Figure</li><li>Lg Teardrop</li><li>Plant</li><li>Texture</li>
</ul>
<p>This pattern is available in clothing mode with zoom controls (50%, 75%, 100%) for detailed preview.</p>
<p><em>Fully customizable with ColorFlex technology - choose your colors!</em></p>",Saffron Cottage,Wallpaper & Fabric,Wallpaper & Fabric,"ColorFlex, Clothing, Clothing Collection, Ikats, Straight, 6 Layers",TRUE,Material,Customizable,IKATS-JAZMAH-CLO1,0,,deny,manual,0.00,,TRUE,TRUE,,https://so-animation.com/colorflex/data/collections/ikats/thumbnails/jazmah.jpg,1,Jazmah - Ikats Clothing Collection,FALSE,Jazmah - Ikats Clothing | ColorFlex Custom Wallpaper & Fabric,Customize Jazmah from the Ikats clothing collection. 6 customizable layers with ColorFlex technology. Preview at multiple zoom levels.,Home & Garden > Decor,,,,,,new,TRUE,ColorFlex,Ikats,Clothing Collection,,,,lb,,,active
ikats-jubal-clo1,Jubal (Clothing),"<p><strong>Collection:</strong> Ikats - Clothing Collection</p>
<p><strong>Pattern:</strong> Jubal</p>
<p><strong>Size:</strong> 24"" × 24""</p>
<p><strong>Tiling:</strong> Straight</p>
<p><strong>Customizable Layers:</strong> 6</p>
<ul>
<li>Feathered Pattern</li><li>Inner Diamond</li><li>Large Diamond</li><li>Large Feature</li><li>Texture</li><li>Tiny Diamond</li>
</ul>
<p>This pattern is available in clothing mode with zoom controls (50%, 75%, 100%) for detailed preview.</p>
<p><em>Fully customizable with ColorFlex technology - choose your colors!</em></p>",Saffron Cottage,Wallpaper & Fabric,Wallpaper & Fabric,"ColorFlex, Clothing, Clothing Collection, Ikats, Straight, 6 Layers",TRUE,Material,Customizable,IKATS-JUBAL-CLO1,0,,deny,manual,0.00,,TRUE,TRUE,,https://so-animation.com/colorflex/data/collections/ikats/thumbnails/jubal.jpg,1,Jubal - Ikats Clothing Collection,FALSE,Jubal - Ikats Clothing | ColorFlex Custom Wallpaper & Fabric,Customize Jubal from the Ikats clothing collection. 6 customizable layers with ColorFlex technology. Preview at multiple zoom levels.,Home & Garden > Decor,,,,,,new,TRUE,ColorFlex,Ikats,Clothing Collection,,,,lb,,,active
ikats-jubran-clo1,Jubran (Clothing),"<p><strong>Collection:</strong> Ikats - Clothing Collection</p>
<p><strong>Pattern:</strong> Jubran</p>
<p><strong>Size:</strong> 24"" × 24""</p>
<p><strong>Tiling:</strong> Straight</p>
<p><strong>Customizable Layers:</strong> 6</p>
<ul>
<li>Brackets</li><li>Layer 5</li><li>Layer 6</li><li>Middle Diamond</li><li>Outside Diamond</li><li>Tiny Diamond</li>
</ul>
<p>This pattern is available in clothing mode with zoom controls (50%, 75%, 100%) for detailed preview.</p>
<p><em>Fully customizable with ColorFlex technology - choose your colors!</em></p>",Saffron Cottage,Wallpaper & Fabric,Wallpaper & Fabric,"ColorFlex, Clothing, Clothing Collection, Ikats, Straight, 6 Layers",TRUE,Material,Customizable,IKATS-JUBRAN-CLO1,0,,deny,manual,0.00,,TRUE,TRUE,,https://so-animation.com/colorflex/data/collections/ikats/thumbnails/jubran.jpg,1,Jubran - Ikats Clothing Collection,FALSE,Jubran - Ikats Clothing | ColorFlex Custom Wallpaper & Fabric,Customize Jubran from the Ikats clothing collection. 6 customizable layers with ColorFlex technology. Preview at multiple zoom levels.,Home & Garden > Decor,,,,,,new,TRUE,ColorFlex,Ikats,Clothing Collection,,,,lb,,,active
ikats-jumana-clo1,Jumana (Clothing),"<p><strong>Collection:</strong> Ikats - Clothing Collection</p>
<p><strong>Pattern:</strong> Jumana</p>
<p><strong>Size:</strong> 24"" × 24""</p>
<p><strong>Tiling:</strong> Straight</p>
<p><strong>Customizable Layers:</strong> 3</p>
<ul>
<li>Corners</li><li>Round</li><li>Texture</li>
</ul>
<p>This pattern is available in clothing mode with zoom controls (50%, 75%, 100%) for detailed preview.</p>
<p><em>Fully customizable with ColorFlex technology - choose your colors!</em></p>",Saffron Cottage,Wallpaper & Fabric,Wallpaper & Fabric,"ColorFlex, Clothing, Clothing Collection, Ikats, Straight, 3 Layers",TRUE,Material,Customizable,IKATS-JUMANA-CLO1,0,,deny,manual,0.00,,TRUE,TRUE,,https://so-animation.com/colorflex/data/collections/ikats/thumbnails/jumana.jpg,1,Jumana - Ikats Clothing Collection,FALSE,Jumana - Ikats Clothing | ColorFlex Custom Wallpaper & Fabric,Customize Jumana from the Ikats clothing collection. 3 customizable layers with ColorFlex technology. Preview at multiple zoom levels.,Home & Garden > Decor,,,,,,new,TRUE,ColorFlex,Ikats,Clothing Collection,,,,lb,,,active
botanicals-dutch-stripe-clo1,Dutch Stripe (Clothing),"<p><strong>Collection:</strong> Botanicals - Clothing Collection</p>
<p><strong>Pattern:</strong> Dutch Stripe</p>
<p><strong>Size:</strong> 24"" × 24""</p>
<p><strong>Tiling:</strong> Straight</p>
<p><strong>Customizable Layers:</strong> 3</p>
<ul>
<li>Leaf Stripe</li><li>Stripe Bg</li><li>Tulips</li>
</ul>
<p>This pattern is available in clothing mode with zoom controls (50%, 75%, 100%) for detailed preview.</p>
<p><em>Fully customizable with ColorFlex technology - choose your colors!</em></p>",Saffron Cottage,Wallpaper & Fabric,Wallpaper & Fabric,"ColorFlex, Clothing, Clothing Collection, Botanicals, Straight, 3 Layers",TRUE,Material,Customizable,BOTANICALS-DUTCH-STRIPE-CLO1,0,,deny,manual,0.00,,TRUE,TRUE,,https://so-animation.com/colorflex/data/collections/botanicals/thumbnails/dutch-stripe.jpg,1,Dutch Stripe - Botanicals Clothing Collection,FALSE,Dutch Stripe - Botanicals Clothing | ColorFlex Custom Wallpaper & Fabric,Customize Dutch Stripe from the Botanicals clothing collection. 3 customizable layers with ColorFlex technology. Preview at multiple zoom levels.,Home & Garden > Decor,,,,,,new,TRUE,ColorFlex,Botanicals,Clothing Collection,,,,lb,,,active
botanicals-flowering-fern-clo1,Flowering Fern (Clothing),"<p><strong>Collection:</strong> Botanicals - Clothing Collection</p>
<p><strong>Pattern:</strong> Flowering Fern</p>
<p><strong>Size:</strong> 24"" × 24""</p>
<p><strong>Tiling:</strong> Straight</p>
<p><strong>Customizable Layers:</strong> 3</p>
<ul>
<li>Ferns</li><li>Fiddleheads</li><li>Flowers</li>
</ul>
<p>This pattern is available in clothing mode with zoom controls (50%, 75%, 100%) for detailed preview.</p>
<p><em>Fully customizable with ColorFlex technology - choose your colors!</em></p>",Saffron Cottage,Wallpaper & Fabric,Wallpaper & Fabric,"ColorFlex, Clothing, Clothing Collection, Botanicals, Straight, 3 Layers",TRUE,Material,Customizable,BOTANICALS-FLOWERING-FERN-CLO1,0,,deny,manual,0.00,,TRUE,TRUE,,https://so-animation.com/colorflex/data/collections/botanicals/thumbnails/flowering-fern.jpg,1,Flowering Fern - Botanicals Clothing Collection,FALSE,Flowering Fern - Botanicals Clothing | ColorFlex Custom Wallpaper & Fabric,Customize Flowering Fern from the Botanicals clothing collection. 3 customizable layers with ColorFlex technology. Preview at multiple zoom levels.,Home & Garden > Decor,,,,,,new,TRUE,ColorFlex,Botanicals,Clothing Collection,,,,lb,,,active
botanicals-key-largo-clo1,Key Largo (Clothing),"<p><strong>Collection:</strong> Botanicals - Clothing Collection</p>
<p><strong>Pattern:</strong> Key Largo</p>
<p><strong>Size:</strong> 24"" × 24""</p>
<p><strong>Tiling:</strong> Half-Drop</p>
<p><strong>Customizable Layers:</strong> 6</p>
<ul>
<li>Back Leaf</li><li>Front Leaf</li><li>Left Leaves</li><li>Outer Leaves</li><li>Right Leaves</li><li>Right Most</li>
</ul>
<p>This pattern is available in clothing mode with zoom controls (50%, 75%, 100%) for detailed preview.</p>
<p><em>Fully customizable with ColorFlex technology - choose your colors!</em></p>",Saffron Cottage,Wallpaper & Fabric,Wallpaper & Fabric,"ColorFlex, Clothing, Clothing Collection, Botanicals, Half-Drop, 6 Layers",TRUE,Material,Customizable,BOTANICALS-KEY-LARGO-CLO1,0,,deny,manual,0.00,,TRUE,TRUE,,https://so-animation.com/colorflex/data/collections/botanicals/thumbnails/key-largo.jpg,1,Key Largo - Botanicals Clothing Collection,FALSE,Key Largo - Botanicals Clothing | ColorFlex Custom Wallpaper & Fabric,Customize Key Largo from the Botanicals clothing collection. 6 customizable layers with ColorFlex technology. Preview at multiple zoom levels.,Home & Garden > Decor,,,,,,new,TRUE,ColorFlex,Botanicals,Clothing Collection,,,,lb,,,active
botanicals-shadow-dance-clo1,Shadow Dance (Clothing),"<p><strong>Collection:</strong> Botanicals - Clothing Collection</p>
<p><strong>Pattern:</strong> Shadow Dance</p>
<p><strong>Size:</strong> 24"" × 24""</p>
<p><strong>Tiling:</strong> Straight</p>
<p><strong>Customizable Layers:</strong> 2</p>
<ul>
<li>Flower</li><li>Shadows</li>
</ul>
<p>This pattern is available in clothing mode with zoom controls (50%, 75%, 100%) for detailed preview.</p>
<p><em>Fully customizable with ColorFlex technology - choose your colors!</em></p>",Saffron Cottage,Wallpaper & Fabric,Wallpaper & Fabric,"ColorFlex, Clothing, Clothing Collection, Botanicals, Straight, 2 Layers",TRUE,Material,Customizable,BOTANICALS-SHADOW-DANCE-CLO1,0,,deny,manual,0.00,,TRUE,TRUE,,https://so-animation.com/colorflex/data/collections/botanicals/thumbnails/shadow-dance.jpg,1,Shadow Dance - Botanicals Clothing Collection,FALSE,Shadow Dance - Botanicals Clothing | ColorFlex Custom Wallpaper & Fabric,Customize Shadow Dance from the Botanicals clothing collection. 2 customizable layers with ColorFlex technology. Preview at multiple zoom levels.,Home & Garden > Decor,,,,,,new,TRUE,ColorFlex,Botanicals,Clothing Collection,,,,lb,,,active
botanicals-tall-lilly-plant-clo1,Tall Lilly Plant (Clothing),"<p><strong>Collection:</strong> Botanicals - Clothing Collection</p>
<p><strong>Pattern:</strong> Tall Lilly Plant</p>
<p><strong>Size:</strong> 24"" × 24""</p>
<p><strong>Tiling:</strong> Straight</p>
<p><strong>Customizable Layers:</strong> 4</p>
<ul>
<li>Flower Centers</li><li>Flowers</li><li>Plants</li><li>Texture</li>
</ul>
<p>This pattern is available in clothing mode with zoom controls (50%, 75%, 100%) for detailed preview.</p>
<p><em>Fully customizable with ColorFlex technology - choose your colors!</em></p>",Saffron Cottage,Wallpaper & Fabric,Wallpaper & Fabric,"ColorFlex, Clothing, Clothing Collection, Botanicals, Straight, 4 Layers",TRUE,Material,Customizable,BOTANICALS-TALL-LILLY-PLANT-CLO1,0,,deny,manual,0.00,,TRUE,TRUE,,https://so-animation.com/colorflex/data/collections/botanicals/thumbnails/tall-lilly-plant.jpg,1,Tall Lilly Plant - Botanicals Clothing Collection,FALSE,Tall Lilly Plant - Botanicals Clothing | ColorFlex Custom Wallpaper & Fabric,Customize Tall Lilly Plant from the Botanicals clothing collection. 4 customizable layers with ColorFlex technology. Preview at multiple zoom levels.,Home & Garden > Decor,,,,,,new,TRUE,ColorFlex,Botanicals,Clothing Collection,,,,lb,,,active
